Number,Species,Chemical Name,TMZ,Resolved QNs,CDMS/JPL Intensity,Lovas/AST Intensity,EL(K),EU(K),Linelist,
1,H2CO,Formaldehyde,"4.0E-10,","6( 5, 1)- 6( 5, 2)",-19.9242,,367.38325,367.38325,CDMS
2,H2CO,Formaldehyde,"1.2999999999999999E-9,","11( 6, 5)-11( 6, 6)",-19.7989,,653.49362,653.49362,CDMS
3,H2CO,Formaldehyde,"2.2E-9,","7( 5, 2)- 7( 5, 3)",-18.4665,,391.83814,391.83814,CDMS
4,H2CO,Formaldehyde,"2.5999999999999993E-9,","17( 7,10)-17( 7,11)",-19.4674,,1109.14532,1109.14532,CDMS
5,H2CO,Formaldehyde,"4.0E-9,","12( 6, 6)-12( 6, 7)",-18.9425,,695.39847,695.39847,CDMS
6,H2CO,Formaldehyde,"5.0E-9, 1.0E-8","4( 4, 0)- 4( 4, 1)",-17.9758,,223.25287,223.25287,CDMS
7,H2CO,Formaldehyde,"5.799999999999998E-9, 1.0E-8","18( 7,11)-18( 7,12)",-18.8709,,1171.95606,1171.95606,CDMS
8,H2CO,Formaldehyde,"9.7E-9, 1.0E-8","8( 5, 3)- 8( 5, 4)",-17.2885,,419.78795,419.78795,CDMS
9,H2CO,Formaldehyde,"1.08E-8, 1.0E-8","13( 6, 7)-13( 6, 8)",-18.1754,,740.79623,740.79623,CDMS
10,H2CO,Formaldehyde,"1.25E-8, 1.0E-8","19( 7,12)-19( 7,13)",-18.3197,,1238.25481,1238.25481,CDMS
11,H2CO,Formaldehyde,"1.65E-8, 2.0E-8","26( 8,18)-26( 8,19)",-19.6429,,1974.20037,1974.20038,CDMS
12,H2CO,Formaldehyde,"2.5999999999999995E-8, 3.0E-8","20( 7,13)-20( 7,14)",-17.8094,,1308.04171,1308.04171,CDMS
13,H2CO,Formaldehyde,"2.71E-8, 3.0E-8","14( 6, 8)-14( 6, 9)",-17.4825,,789.68703,789.68703,CDMS
14,H2CO,Formaldehyde,"3.03E-8, 3.0E-8","27( 8,19)-27( 8,20)",-19.2673,,2068.29023,2068.29024,CDMS
15,H2CO,Formaldehyde,"3.39E-8, 3.0E-8","9( 5, 4)- 9( 5, 5)",-16.2951,,451.23296,451.23296,CDMS
16,H2CO,Formaldehyde,"4.46E-8, 4.0E-8","5( 4, 1)- 5( 4, 2)",-16.1818,,240.727,240.72701,CDMS
17,H2CO,Formaldehyde,"5.19E-8, 5.0E-8","21( 7,14)-21( 7,15)",-17.3361,,1381.31647,1381.31647,CDMS
18,H2CO,Formaldehyde,"5.43E-8, 5.0E-8","28( 8,20)-28( 8,21)",-18.9164,,2165.85788,2165.85789,CDMS
19,H2CO,Formaldehyde,"6.31E-8, 6.0E-8","15( 6, 9)-15( 6,10)",-16.8526,,842.0713,842.0713,CDMS
20,H2CO,Formaldehyde,"7.02E-8, 7.0E-8","36( 9,27)-36( 9,28)",-19.8168,,3267.31313,3267.31313,CDMS
21,H2CO,Formaldehyde,"9.53E-8, 1.0E-7","29( 8,21)-29( 8,22)",-18.5888,,2266.90232,2266.90232,CDMS
22,H2CO,Formaldehyde,"1.0E-7, 1.0E-7","22( 7,15)-22( 7,16)",-16.8965,,1458.07866,1458.07867,CDMS
23,H2CO,Formaldehyde,"1.027E-7, 1.0E-7","10( 5, 5)-10( 5, 6)",-15.4358,,486.17389,486.17389,CDMS
24,H2CO,Formaldehyde,"1.148E-7, 1.1E-7","37( 9,28)-37( 9,29)",-19.5879,,3395.96524,3395.96524,CDMS
25,H2CO,Formaldehyde,"1.415E-7, 1.4E-7","16( 6,10)-16( 6,11)",-16.2772,,897.94919,897.9492,CDMS
26,H2CO,Formaldehyde,"1.641E-7, 1.6E-7","30( 8,22)-30( 8,23)",-18.2832,,2371.42282,2371.42283,CDMS
27,H2CO,Formaldehyde,"1.852E-7, 1.9E-7","38( 9,29)-38( 9,30)",-19.3758,,3528.07556,3528.07557,CDMS
28,H2CO,Formaldehyde,"1.8709999999999997E-7, 1.9E-7","23( 7,16)-23( 7,17)",-16.4879,,1538.32829,1538.3283,CDMS
29,H2CO,Formaldehyde,"2.231E-7, 2.2E-7","6( 4, 2)- 6( 4, 3)",-14.8882,,261.69749,261.6975,CDMS
30,H2CO,Formaldehyde,"2.7129999999999995E-7, 2.7E-7","11( 5, 6)-11( 5, 7)",-14.6801,,524.61117,524.61118,CDMS
31,H2CO,Formaldehyde,"2.7719999999999997E-7, 2.8E-7","31( 8,23)-31( 8,24)",-17.9985,,2479.41838,2479.41839,CDMS
32,H2CO,Formaldehyde,"2.896E-7, 2.9E-7","17( 6,11)-17( 6,12)",-15.7497,,957.32084,957.32086,CDMS
33,H2CO,Formaldehyde,"2.948E-7, 2.9E-7","39( 9,30)-39( 9,31)",-19.1798,,3663.64239,3663.6424,CDMS
34,H2CO,Formaldehyde,"3.403E-7, 3.4E-7","24( 7,17)-24( 7,18)",-16.108,,1622.06491,1622.06493,CDMS
35,H2CO,Formaldehyde,"4.6019999999999995E-7, 4.6E-7","32( 8,24)-32( 8,25)",-17.7335,,2590.88828,2590.8883,CDMS
36,H2CO,Formaldehyde,"4.634E-7, 4.6E-7","40( 9,31)-40( 9,32)",-18.9993,,3802.66442,3802.66444,CDMS
37,H2CO,Formaldehyde,"5.8E-7, 5.8E-7","18( 6,12)-18( 6,13)",-15.2646,,1020.18654,1020.18657,CDMS
38,H2CO,Formaldehyde,"6.06E-7, 6.1E-7","25( 7,18)-25( 7,19)",-15.7547,,1709.28825,1709.28827,CDMS
39,H2CO,Formaldehyde,"6.352E-7, 6.4E-7","3( 3, 0)- 3( 3, 1), F= 3- 2",-14.8593,,126.95436,126.95439,CDMS
40,H2CO,Formaldehyde,"6.496E-7, 6.5E-7","3( 3, 0)- 3( 3, 1), F= 4- 3",-14.8345,,126.95436,126.95439,CDMS
41,H2CO,Formaldehyde,"6.533999999999999E-7, 6.5E-7","3( 3, 0)- 3( 3, 1), F= 2- 2",-13.9317,,126.95436,126.95439,CDMS
42,H2CO,Formaldehyde,"6.533999999999999E-7, 6.5E-7","3( 3, 0)- 3( 3, 1), F= 3- 3",-13.81,,126.95436,126.95439,CDMS
43,H2CO,Formaldehyde,"6.533999999999999E-7, 6.5E-7","3( 3, 0)- 3( 3, 1), F= 4- 4",-13.6533,,126.95436,126.95439,CDMS
44,H2CO,Formaldehyde,"6.544999999999999E-7, 6.5E-7","3( 3, 0)- 3( 3, 1)",-13.2573,,126.95436,126.95439,CDMS
45,H2CO,Formaldehyde,"6.565999999999998E-7, 6.6E-7","12( 5, 7)-12( 5, 8)",-14.0074,,566.54552,566.54555,CDMS
46,H2CO,Formaldehyde,"6.572E-7, 6.6E-7","3( 3, 0)- 3( 3, 1), F= 3- 4",-14.8243,,126.95436,126.95439,CDMS
47,H2CO,Formaldehyde,"6.716E-7, 6.7E-7","3( 3, 0)- 3( 3, 1), F= 2- 3",-14.8109,,126.95436,126.95439,CDMS
48,H2CO,Formaldehyde,"7.2E-7, 7.2E-7","41( 9,32)-41( 9,33)",-18.8339,,3945.13978,3945.13981,CDMS
49,H2CO,Formaldehyde,"7.514999999999999E-7, 7.5E-7","33( 8,25)-33( 8,26)",-17.4875,,2705.83165,2705.83168,CDMS
50,H2CO,Formaldehyde,"8.177E-7, 8.2E-7","7( 4, 3)- 7( 4, 4)",-13.8583,,286.16533,286.16537,CDMS
51,H2CO,Formaldehyde,"1.044E-6, 1.04E-6","26( 7,19)-26( 7,20)",-15.4262,,1799.99815,1799.9982,CDMS
52,H2CO,Formaldehyde,"1.1061E-6, 1.11E-6","42( 9,33)-42( 9,34)",-18.683,,4091.06703,4091.06709,CDMS
53,H2CO,Formaldehyde,"1.111E-6, 1.11E-6","19( 6,13)-19( 6,14)",-14.8175,,1086.54673,1086.54678,CDMS
54,H2CO,Formaldehyde,"1.2085E-6, 1.21E-6","34( 8,26)-34( 8,27)",-17.2594,,2824.2472,2824.24726,CDMS
55,H2CO,Formaldehyde,"1.4757999999999997E-6, 1.48E-6","13( 5, 8)-13( 5, 9)",-13.4036,,611.97766,611.97773,CDMS
56,H2CO,Formaldehyde,"1.6811999999999999E-6, 1.68E-6","43( 9,34)-43( 9,35)",-18.5463,,4240.44431,4240.44439,CDMS
57,H2CO,Formaldehyde,"1.7694E-6, 1.77E-6","27( 7,20)-27( 7,21)",-15.1211,,1894.19419,1894.19427,CDMS
58,H2CO,Formaldehyde,"1.9154E-6, 1.92E-6","35( 8,27)-35( 8,28)",-17.0487,,2946.13436,2946.13445,CDMS
59,H2CO,Formaldehyde,"2.056E-6, 2.06E-6","20( 6,14)-20( 6,15)",-14.405,,1156.40139,1156.40149,CDMS
60,H2CO,Formaldehyde,"2.454E-6, 2.45E-6","8( 4, 4)- 8( 4, 5)",-13,,314.13154,314.13166,CDMS
61,H2CO,Formaldehyde,"2.5291E-6, 2.53E-6","44( 9,35)-44( 9,36)",-18.4233,,4393.26989,4393.27001,CDMS
62,H2CO,Formaldehyde,"2.939E-6, 2.94E-6","28( 7,21)-28( 7,22)",-14.8379,,1991.87622,1991.87636,CDMS
63,H2CO,Formaldehyde,"2.9947E-6, 2.99E-6","36( 8,28)-36( 8,29)",-16.8546,,3071.49197,3071.49211,CDMS
64,H2CO,Formaldehyde,"3.1103999999999995E-6, 3.11E-6","14( 5, 9)-14( 5,10)",-12.8579,,660.90831,660.90846,CDMS
65,H2CO,Formaldehyde,"3.692E-6, 3.69E-6","21( 6,15)-21( 6,16)",-14.0238,,1229.75111,1229.75129,CDMS
66,H2CO,Formaldehyde,"3.7677E-6, 3.77E-6","45( 9,36)-45( 9,37)",-18.3136,,4549.54203,4549.54222,CDMS
67,H2CO,Formaldehyde,"4.5631E-6, 4.56E-6","4( 3, 1)- 4( 3, 2), F= 4- 3",-13.4925,,140.93847,140.93869,CDMS
68,H2CO,Formaldehyde,"4.5658E-6, 4.57E-6","4( 3, 1)- 4( 3, 2), F= 5- 4",-13.4895,,140.93847,140.93869,CDMS
69,H2CO,Formaldehyde,"4.5726E-6, 4.57E-6","4( 3, 1)- 4( 3, 2), F= 3- 3",-12.3146,,140.93847,140.93869,CDMS
70,H2CO,Formaldehyde,"4.5726E-6, 4.57E-6","4( 3, 1)- 4( 3, 2), F= 4- 4",-12.222,,140.93847,140.93869,CDMS
71,H2CO,Formaldehyde,"4.5726E-6, 4.57E-6","4( 3, 1)- 4( 3, 2), F= 5- 5",-12.108,,140.93847,140.93869,CDMS
72,H2CO,Formaldehyde,"4.5728E-6, 4.57E-6","4( 3, 1)- 4( 3, 2)",-11.7003,,140.93847,140.93869,CDMS
73,H2CO,Formaldehyde,"4.5794E-6, 4.58E-6","4( 3, 1)- 4( 3, 2), F= 4- 5",-13.4869,,140.93847,140.93869,CDMS
74,H2CO,Formaldehyde,"4.5821E-6, 4.58E-6","4( 3, 1)- 4( 3, 2), F= 3- 4",-13.4889,,140.93847,140.93869,CDMS
75,H2CO,Formaldehyde,"4.6219E-6, 4.62E-6","37( 8,29)-37( 8,30)",-16.6764,,3200.31888,3200.3191,CDMS
76,H2CO,Formaldehyde,"4.7892E-6, 4.79E-6","29( 7,22)-29( 7,23)",-14.5754,,2093.04367,2093.0439,CDMS
77,H2CO,Formaldehyde,"5.5603E-6, 5.56E-6","46( 9,37)-46( 9,38)",-18.2168,,4709.25874,4709.259,CDMS
78,H2CO,Formaldehyde,"6.2099E-6, 6.21E-6","15( 5,10)-15( 5,11)",-12.3625,,713.33848,713.33878,CDMS
79,H2CO,Formaldehyde,"6.369399999999999E-6, 6.37E-6","9( 4, 5)- 9( 4, 6)",-12.265,,345.59698,345.59729,CDMS
80,H2CO,Formaldehyde,"6.441999999999999E-6, 6.44E-6","22( 6,16)-22( 6,17)",-13.6715,,1306.59618,1306.59649,CDMS
81,H2CO,Formaldehyde,"7.0465E-6, 7.05E-6","38( 8,30)-38( 8,31)",-16.5137,,3332.61409,3332.61443,CDMS
82,H2CO,Formaldehyde,"7.6718E-6, 7.67E-6","30( 7,23)-30( 7,24)",-14.3326,,2197.69654,2197.69691,CDMS
83,H2CO,Formaldehyde,"8.1324E-6, 8.13E-6","47( 9,38)-47( 9,39)",-18.1327,,4872.41841,4872.4188,CDMS
84,H2CO,Formaldehyde,"1.0618799999999999E-5, 1.062E-5","39( 8,31)-39( 8,32)",-16.3658,,3468.37659,3468.3771,CDMS
85,H2CO,Formaldehyde,"1.0955E-5, 1.096E-5","23( 6,17)-23( 6,18)",-13.3459,,1386.93688,1386.9374,CDMS
86,H2CO,Formaldehyde,"1.1792099999999998E-5, 1.179E-5","48( 9,39)-48( 9,40)",-18.0609,,5039.0189,5039.01947,CDMS
87,H2CO,Formaldehyde,"1.18326E-5, 1.183E-5","16( 5,11)-16( 5,12)",-11.9109,,769.26889,769.26945,CDMS
88,H2CO,Formaldehyde,"1.2091699999999998E-5, 1.209E-5","31( 7,24)-31( 7,25)",-14.1086,,2305.8341,2305.83469,CDMS
89,H2CO,Formaldehyde,"1.48455E-5, 1.485E-5","10( 4, 6)-10( 4, 7)",-11.6244,,380.56337,380.56409,CDMS
90,H2CO,Formaldehyde,"1.5826299999999998E-5, 1.583E-5","40( 8,32)-40( 8,33)",-16.2323,,3607.60523,3607.60599,CDMS
91,HDO,Water,"1.6165E-5, 1.616E-5","8( 6, 2)- 8( 6, 3)",-12.6634,,1589.84397,1589.84475,JPL
92,H2CO,Formaldehyde,"1.6957299999999998E-5, 1.696E-5","49( 9,40)-49( 9,41)",-18.0012,,5209.05848,5209.0593,CDMS
93,H2CO,Formaldehyde,"1.81955E-5, 1.82E-5","24( 6,18)-24( 6,19)",-13.0451,,1470.77335,1470.77422,CDMS
94,H2CO,Formaldehyde,"1.8274999999999997E-5, 1.827E-5","5( 3, 2)- 5( 3, 3), F= 6- 5",-12.5721,,158.4208,158.42168,CDMS
95,H2CO,Formaldehyde,"1.8278099999999997E-5, 1.828E-5","5( 3, 2)- 5( 3, 3), F= 5- 4",-12.5733,,158.4208,158.42168,CDMS
96,H2CO,Formaldehyde,"1.82833E-5, 1.828E-5","5( 3, 2)- 5( 3, 3), F= 4- 4",-11.1929,,158.4208,158.42168,CDMS
97,H2CO,Formaldehyde,"1.82833E-5, 1.828E-5","5( 3, 2)- 5( 3, 3), F= 5- 5",-11.1174,,158.4208,158.42168,CDMS
98,H2CO,Formaldehyde,"1.82833E-5, 1.828E-5","5( 3, 2)- 5( 3, 3), F= 6- 6",-11.0277,,158.4208,158.42168,CDMS
99,H2CO,Formaldehyde,"1.82834E-5, 1.828E-5","5( 3, 2)- 5( 3, 3)",-10.6108,,158.4208,158.42168,CDMS
100,H2CO,Formaldehyde,"1.82885E-5, 1.829E-5","5( 3, 2)- 5( 3, 3), F= 4- 5",-12.5728,,158.4208,158.42168,CDMS
101,H2CO,Formaldehyde,"1.82916E-5, 1.829E-5","5( 3, 2)- 5( 3, 3), F= 5- 6",-12.5713,,158.4208,158.42168,CDMS
102,H2CO,Formaldehyde,"1.87707E-5, 1.877E-5","32( 7,25)-32( 7,26)",-13.9024,,2417.45637,2417.45727,CDMS
103,H2CO,Formaldehyde,"2.1646E-5, 2.165E-5","17( 5,12)-17( 5,13)",-11.4983,,828.70068,828.70172,CDMS
104,H2CO,Formaldehyde,"2.33406E-5, 2.334E-5","41( 8,33)-41( 8,34)",-16.1128,,3750.29885,3750.29997,CDMS
105,H2CO,Formaldehyde,"2.4191E-5, 2.419E-5","50( 9,41)-50( 9,42)",-17.9533,,5382.53485,5382.53601,CDMS
106,H2CO,Formaldehyde,"2.8726199999999993E-5, 2.873E-5","33( 7,26)-33( 7,27)",-13.7132,,2532.56275,2532.56413,CDMS
107,H2CO,Formaldehyde,"2.9577E-5, 2.958E-5","25( 6,19)-25( 6,20)",-12.7675,,1558.10632,1558.10774,CDMS
108,H2CO,Formaldehyde,"3.1773499999999997E-5, 3.177E-5","11( 4, 7)-11( 4, 8)",-11.0592,,419.03173,419.03326,CDMS
109,H2CO,Formaldehyde,"3.4078699999999996E-5, 3.408E-5","42( 8,34)-42( 8,35)",-16.0068,,3896.45616,3896.4578,CDMS
110,H2CO,Formaldehyde,"3.4246000000000004E-5, 3.425E-5","51( 9,42)-51( 9,43)",-17.9169,,5559.44627,5559.44792,CDMS
111,HDO,Water,"3.54891E-5, 3.549E-5","6( 5, 1)- 6( 5, 2)",-11.1958,,1020.32639,1020.32809,JPL
112,H2CO,Formaldehyde,"3.8201199999999996E-5, 3.82E-5","18( 5,13)-18( 5,14)",-11.1206,,891.63458,891.63641,CDMS
113,H2CO,Formaldehyde,"4.33753E-5, 4.338E-5","34( 7,27)-34( 7,28)",-13.5405,,2651.15283,2651.15491,CDMS
114,H2CO,Formaldehyde,"4.71301E-5, 4.713E-5","26( 6,20)-26( 6,21)",-12.5116,,1648.93579,1648.93805,CDMS
115,H2CO,Formaldehyde,"4.81222E-5, 4.812E-5","52( 9,43)-52( 9,44)",-17.8918,,5739.79046,5739.79277,CDMS
116,H2CO,Formaldehyde,"4.92821E-5, 4.928E-5","43( 8,35)-43( 8,36)",-15.9139,,4046.07616,4046.07853,CDMS
117,HDO,Water,"5.46183E-5, 5.462E-5","4( 4, 0)- 4( 4, 1)",-10.2126,,578.85836,578.86098,JPL
118,H2CO,Formaldehyde,"5.48083E-5, 5.481E-5","6( 3, 3)- 6( 3, 4), F= 7- 6",-11.8665,,179.40294,179.40557,CDMS
119,H2CO,Formaldehyde,"5.48147E-5, 5.481E-5","6( 3, 3)- 6( 3, 4), F= 6- 5",-11.8672,,179.40294,179.40557,CDMS
120,H2CO,Formaldehyde,"5.48174E-5, 5.482E-5","6( 3, 3)- 6( 3, 4), F= 5- 5",-10.3231,,179.40294,179.40557,CDMS
121,H2CO,Formaldehyde,"5.48174E-5, 5.482E-5","6( 3, 3)- 6( 3, 4), F= 6- 6",-10.2593,,179.40294,179.40557,CDMS
122,H2CO,Formaldehyde,"5.48174E-5, 5.482E-5","6( 3, 3)- 6( 3, 4), F= 7- 7",-10.1851,,179.40294,179.40557,CDMS
123,H2CO,Formaldehyde,"5.48175E-5, 5.482E-5","6( 3, 3)- 6( 3, 4)",-9.7612,,179.40294,179.40557,CDMS
124,H2CO,Formaldehyde,"5.482009999999999E-5, 5.482E-5","6( 3, 3)- 6( 3, 4), F= 5- 6",-11.8671,,179.40294,179.40557,CDMS
125,H2CO,Formaldehyde,"5.482650000000001E-5, 5.483E-5","6( 3, 3)- 6( 3, 4), F= 6- 7",-11.8662,,179.40294,179.40557,CDMS
126,H2CO,Formaldehyde,"6.344619999999999E-5, 6.345E-5","12( 4, 8)-12( 4, 9)",-10.5559,,461.00364,461.00668,CDMS
127,H2CO,Formaldehyde,"6.466970000000001E-5, 6.467E-5","35( 7,28)-35( 7,29)",-13.3835,,2773.22645,2773.22955,CDMS
128,H2CO,Formaldehyde,"6.53011E-5, 6.53E-5","19( 5,14)-19( 5,15)",-10.7745,,958.07159,958.07472,CDMS
129,H2CO,Formaldehyde,"6.71383E-5, 6.714E-5","53( 9,44)-53( 9,45)",-17.8779,,5923.56539,5923.56861,CDMS
130,H2CO,Formaldehyde,"7.061709999999998E-5, 7.062E-5","44( 8,36)-44( 8,37)",-15.8339,,4199.15755,4199.16094,CDMS
131,H2CO,Formaldehyde,"7.11392E-5, 7.114E-5","2( 2, 0)- 2( 2, 1)",-9.7574,,57.60858,57.612,CDMS
132,H2CO,Formaldehyde,"7.37304E-5, 7.373E-5","27( 6,21)-27( 6,22)",-12.2763,,1743.26232,1743.26586,CDMS
133,HDO,Water,"7.937579999999999E-5, 7.938E-5","9( 6, 3)- 9( 6, 4)",-11.6221,,1790.4571,1790.46091,JPL
134,H2CO,Formaldehyde,"9.3023E-5, 9.302E-5","54( 9,45)-54( 9,46)",-17.8748,,6110.7689,6110.77336,CDMS
135,H2CO,Formaldehyde,"9.526929999999998E-5, 9.527E-5","36( 7,29)-36( 7,30)",-13.2417,,2898.7829,2898.78747,CDMS
136,H2CO,Formaldehyde,"1.003024E-4, 1.003E-4","45( 8,37)-45( 8,38)",-15.7664,,4355.69889,4355.70371,CDMS
137,HDO,Water,"1.031505E-4, 1.0315E-4","12( 7, 5)-12( 7, 6)",-12.837,,2794.62583,2794.63078,JPL
138,H2CO,Formaldehyde,"1.084834E-4, 1.0848E-4","20( 5,15)-20( 5,16)",-10.4572,,1028.01301,1028.01822,CDMS
139,H2CO,Formaldehyde,"1.1338979999999998E-4, 1.1339E-4","28( 6,22)-28( 6,23)",-12.0603,,1841.08636,1841.0918,CDMS
140,H2CO,Formaldehyde,"1.196146E-4, 1.1961E-4","13( 4, 9)-13( 4,10)",-10.1049,,506.48052,506.48626,CDMS
141,H2CO,Formaldehyde,"1.2802729999999998E-4, 1.2803E-4","55( 9,46)-55( 9,47)",-17.8824,,6301.39884,6301.40499,CDMS
142,H2CO,Formaldehyde,"1.3692539999999998E-4, 1.3693E-4","7( 3, 4)- 7( 3, 5)",-9.0645,,203.88632,203.8929,CDMS
143,H2CO,Formaldehyde,"1.387619E-4, 1.3876E-4","37( 7,30)-37( 7,31)",-13.1146,,3027.82189,3027.82855,CDMS
144,H2CO,Formaldehyde,"1.412691E-4, 1.4127E-4","46( 8,38)-46( 8,39)",-15.711,,4515.69917,4515.70595,CDMS
145,H2CO,Formaldehyde,"1.716289E-4, 1.7163E-4","29( 6,23)-29( 6,24)",-11.8628,,1942.40805,1942.41628,CDMS
146,H2CO,Formaldehyde,"1.7506489999999998E-4, 1.7506E-4","56( 9,47)-56( 9,48)",-17.9005,,6495.45276,6495.46117,CDMS
147,H2CO,Formaldehyde,"1.756413E-4, 1.7564E-4","21( 5,16)-21( 5,17)",-10.1664,,1101.45971,1101.46814,CDMS
148,H2CO,Formaldehyde,"1.9736089999999998E-4, 1.9736E-4","47( 8,39)-47( 8,40)",-15.6677,,4679.15682,4679.16629,CDMS
149,H2CO,Formaldehyde,"1.999401E-4, 1.9994E-4","38( 7,31)-38( 7,32)",-13.0017,,3160.34313,3160.35272,CDMS
150,HDO,Water,"2.099135E-4, 2.0991E-4","7( 5, 2)- 7( 5, 3)",-9.9433,,1176.92197,1176.93205,JPL
151,H2CO,Formaldehyde,"2.148116E-4, 2.1481E-4","14( 4,10)-14( 4,11)",-9.6989,,555.46412,555.47443,CDMS
152,H2CO,Formaldehyde,"2.378843E-4, 2.3788E-4","57( 9,48)-57( 9,49)",-17.9289,,6692.92865,6692.94007,CDMS
153,H2CO,Formaldehyde,"2.559466E-4, 2.5595E-4","30( 6,24)-30( 6,25)",-11.6829,,2047.22781,2047.24009,CDMS
154,H2CO,Formaldehyde,"2.7358069999999996E-4, 2.7358E-4","48( 8,40)-48( 8,41)",-15.6359,,4846.07053,4846.08366,CDMS
155,H2CO,Formaldehyde,"2.7781139999999996E-4, 2.7781E-4","22( 5,17)-22( 5,18)",-9.9002,,1178.41282,1178.42616,CDMS
156,H2CO,Formaldehyde,"2.8514679999999996E-4, 2.8515E-4","39( 7,32)-39( 7,33)",-12.9025,,3296.3459,3296.35959,CDMS
157,H2CO,Formaldehyde,"3.008699E-4, 3.0087E-4","8( 3, 5)- 8( 3, 6)",-8.4764,,231.87268,231.88712,CDMS
158,HDO,Water,"3.1039269999999996E-4, 3.1039E-4","10( 6, 4)-10( 6, 5)",-10.8068,,2013.48509,2013.49999,JPL
159,HDO,Water,"3.333632999999999E-4, 3.3336E-4","13( 7, 6)-13( 7, 7)",-12.2722,,3083.03981,3083.05581,JPL
160,NH3 v=0,Ammonia,"3.454764E-4, 3.4548E-4",24( 6)0a-24(-6)0s,-19.2081,,8051.29648,8051.31306,JPL
161,H2CO,Formaldehyde,"3.555677E-4, 3.5557E-4","3( 2, 1)- 3( 2, 2)",-8.53,,68.09376,68.11082,CDMS
162,H2CO,Formaldehyde,"3.700186E-4, 3.7002E-4","15( 4,11)-15( 4,12)",-9.3322,,607.95601,607.97377,CDMS
163,H2CO,Formaldehyde,"3.763946999999999E-4, 3.7639E-4","49( 8,41)-49( 8,42)",-15.6157,,5016.43887,5016.45693,CDMS
164,H2CO,Formaldehyde,"3.764053E-4, 3.7641E-4","31( 6,25)-31( 6,26)",-11.5198,,2155.54609,2155.56415,CDMS
165,H2CO,Formaldehyde,"4.027019E-4, 4.027E-4","40( 7,33)-40( 7,34)",-12.8167,,3435.82963,3435.84896,CDMS
166,H2CO,Formaldehyde,"4.301544E-4, 4.3015E-4","23( 5,18)-23( 5,19)",-9.6567,,1258.87352,1258.89416,CDMS
167,HDO,Water,"4.86528E-4, 4.8653E-4","5( 4, 1)- 5( 4, 2)",-8.566,,690.95786,690.98121,JPL
168,H2CO,Formaldehyde,"5.141029999999999E-4, 5.141E-4","50( 8,42)-50( 8,43)",-15.6066,,5190.26054,5190.28521,CDMS
169,H2CO,Formaldehyde,"5.150573000000001E-4, 5.1506E-4","49( 6,43)-50( 4,46)",-16.6923,,4706.4599,4706.48462,CDMS
170,H2CO,Formaldehyde,"5.463518E-4, 5.4635E-4","32( 6,26)-32( 6,27)",-11.3728,,2267.36301,2267.38923,CDMS
171,H2CO,Formaldehyde,"5.634236E-4, 5.6342E-4","41( 7,34)-41( 7,35)",-12.7439,,3578.79403,3578.82107,CDMS
172,H2CO,Formaldehyde,"6.007402E-4, 6.0074E-4","9( 3, 6)- 9( 3, 7)",-7.9705,,263.36344,263.39227,CDMS
173,NH3 v=0,Ammonia,"6.070216E-4, 6.0702E-4",25( 7)0a-25( 7)0s,-19.7892,,8652.12023,8652.14936,JPL
174,H2CO,Formaldehyde,"6.146858999999999E-4, 6.1469E-4","16( 4,12)-16( 4,13)",-9.0004,,663.95778,663.98728,CDMS
175,NH3 v=0,Ammonia,"6.265737E-4, 6.2657E-4",24( 4)0a-24( 4)0s,-19.485,,8138.63851,8138.66858,JPL
176,H2CO,Formaldehyde,"6.531557E-4, 6.5316E-4","24( 5,19)-24( 5,20)",-9.4347,,1342.8425,1342.87385,CDMS
177,NH3 v=0,Ammonia,"6.805152E-4, 6.8052E-4",24( 5)0a-24( 5)0s,-19.1556,,8099.41048,8099.44314,JPL
178,NH3 v=0,Ammonia,"6.951515000000001E-4, 6.9515E-4",25( 8)0a-25( 8)0s,-19.4509,,8586.90099,8586.93435,JPL
179,H2CO,Formaldehyde,"6.972871E-4, 6.9729E-4","51( 8,43)-51( 8,44)",-15.6085,,5367.53396,5367.56742,CDMS
180,NH3 v=0,Ammonia,"7.466674E-4, 7.4667E-4",23( 1)0a-23( 1)0s,-19.6797,,7571.40368,7571.43951,JPL
181,NH3 v=0,Ammonia,"7.685357999999999E-4, 7.6854E-4",23( 2)0a-23( 2)0s,-19.0321,,7558.22024,7558.25713,JPL
182,H2CO,Formaldehyde,"7.812626999999999E-4, 7.8126E-4","42( 7,35)-42( 7,36)",-12.6838,,3725.23838,3725.27587,CDMS
183,H2CO,Formaldehyde,"7.832948E-4, 7.8329E-4","33( 6,27)-33( 6,28)",-11.2413,,2382.67903,2382.71662,CDMS
184,NH3 v=0,Ammonia,"8.095825999999998E-4, 8.0958E-4",25( 9)0a-25(-9)0s,-18.7976,,8512.57621,8512.61507,JPL
185,NH3 v=0,Ammonia,"8.224659E-4, 8.2247E-4",26(11)0a-26(11)0s,-19.6602,,9020.89447,9020.93395,JPL
186,HDO,Water,"8.246706E-4, 8.2467E-4","3( 3, 0)- 3( 3, 1)",-7.6397,,335.2672,335.30677,JPL
187,CH3OH vt = 0-2,Methanol,"8.3428E-4, 8.3428E-4",1( 1) - - 1( 1) + vt=0,-9.251,,16.84079,16.88083,JPL
188,NH3 v=0,Ammonia,"8.45067E-4, 8.4507E-4",24( 7)0a-24( 7)0s,-18.5079,,7994.17261,7994.21317,JPL
189,NH3 v=0,Ammonia,"8.534884999999999E-4, 8.5349E-4",23( 4)0a-23( 4)0s,-18.2548,,7505.27974,7505.3207,JPL
190,CH3OH vt = 0-2,Methanol,"8.59753E-4, 8.5975E-4",18( 2) - -18( 2) + vt=1,-10.6524,,694.23609,694.27735,JPL
191,HDO,Water,"8.923092E-4, 8.9231E-4","8( 5, 3)- 8( 5, 4)",-9.0034,,1356.08579,1356.12861,JPL
192,CH3OH vt = 0-2,Methanol,"9.022009999999999E-4, 9.022E-4",37( 3) - -37( 3) + vt=1,-12.567,,2020.49161,2020.5349,JPL
193,NH3 v=0,Ammonia,"9.275928E-4, 9.2759E-4",23( 5)0a-23( 5)0s,-17.9258,,7465.46412,7465.50864,JPL
194,H2CO,Formaldehyde,"9.393491E-4, 9.3935E-4","52( 8,44)-52( 8,45)",-15.6213,,5548.2574,5548.30248,CDMS
195,CH3OH vt = 0-2,Methanol,"9.53339E-4, 9.5334E-4",21(a1) -22(a3) E1 vt=1 - vt=0,-16.6502,,1426.61826,1426.66401,JPL
196,CH3OH vt = 0-2,Methanol,"9.62347E-4, 9.6235E-4",4( 1) - - 4( 1) + vt=1,-10.14,,348.38776,348.43394,JPL
197,NH3 v=0,Ammonia,"9.634334999999999E-4, 9.6343E-4",25(10)0a-25(10)0s,-18.7255,,8428.98534,8429.03157,JPL
198,HDO,Water,"9.641909000000001E-4, 9.6419E-4","14( 7, 7)-14( 7, 8)",-11.8343,,3393.63644,3393.68272,JPL
199,NH3 v=0,Ammonia,"9.672765E-4, 9.6728E-4",24( 8)0a-24( 8)0s,-18.171,,7927.94667,7927.99309,JPL
200,H2CO,Formaldehyde,"9.740783E-4, 9.7408E-4","25( 5,20)-25( 5,21)",-9.2327,,1430.32107,1430.36782,CDMS
201,CH3OH vt = 0-2,Methanol,"9.82301E-4, 9.823E-4",4(-2) - 5(-5) E2 vt=2,-17.8172,,668.02029,668.06743,JPL
202,H2CO,Formaldehyde,"9.891364E-4, 9.8914E-4","17( 4,13)-17( 4,14)",-8.6999,,723.47072,723.51819,CDMS
203,CH3OH vt = 0-2,Methanol,"9.91369E-4, 9.9137E-4",18( 3) - -18( 3) + vt=0,-9.8234,,446.53193,446.5795,JPL
204,NH3 v=0,Ammonia,"0.0010021059, 0.00100211",22( 1)0a-22( 1)0s,-18.4978,,6961.77164,6961.81974,JPL
205,NH3 v=0,Ammonia,"0.0010144468999999999, 0.00101445",26(12)0a-26(-12)0s,-18.9449,,8919.84371,8919.89239,JPL
206,CH3OH vt = 0-2,Methanol,"0.001020184, 0.00102018",28( 4) + -28( 4) - vt=0,-10.6167,,1021.88976,1021.93872,JPL
207,HDO,Water,"0.0010261446, 0.00102614","11( 6, 5)-11( 6, 6)",-10.1667,,2258.95557,2259.00482,JPL
208,NH3 v=0,Ammonia,"0.0010311982, 0.0010312",22( 2)0a-22( 2)0s,-17.8504,,6948.39541,6948.4449,JPL
209,CH3OH vt = 0-2,Methanol,"0.001038991, 0.00103899",38( 3) - -38( 3) + vt=1,-12.5812,,2108.09823,2108.14809,JPL
210,CH3OH vt = 0-2,Methanol,"0.0010497, 0.0010497",21( 3) + -22( 0) + vt=0,-16.2963,,585.5659,585.61627,JPL
211,CH3OH vt = 0-2,Methanol,"0.001061006, 0.00106101",19( 2) - -19( 2) + vt=1,-10.547,,738.14156,738.19248,JPL
212,H2CO,Formaldehyde,"0.0010658686, 0.00106587","4( 2, 2)- 4( 2, 3)",-7.7097,,82.07096,82.12211,CDMS
213,H2CO,Formaldehyde,"0.0010740627999999998, 0.00107406","43( 7,36)-43( 7,37)",-12.636,,3875.16181,3875.21336,CDMS
214,CH3OH vt = 0-2,Methanol,"0.0010920699999999999, 0.00109207",3( 1) - - 3( 1) + vt=2,-10.4081,,696.6302,696.68261,JPL
215,H2CO,Formaldehyde,"0.001109961, 0.00110996","34( 6,28)-34( 6,29)",-11.1248,,2501.49413,2501.54739,CDMS
216,H2CO,Formaldehyde,"0.0011131897, 0.00111319","10( 3, 7)-10( 3, 8)",-7.5297,,298.36005,298.41347,CDMS
217,CH3OH vt = 0-2,Methanol,"0.0011203699999999999, 0.00112037",10( 2) + -10( 2) - vt=0,-9.537,,165.34761,165.40138,JPL
218,NH3 v=0,Ammonia,"0.0011274139, 0.00112741",24( 9)0a-24(-9)0s,-17.5178,,7852.46498,7852.51909,JPL
219,NH3 v=0,Ammonia,"0.0011279069999999998, 0.00112791",27(14)0a-27(14)0s,-19.7231,,9400.44438,9400.49851,JPL
220,NH3 v=0,Ammonia,"0.0011480579, 0.00114806",22( 4)0a-22( 4)0s,-17.0719,,6894.70445,6894.75955,JPL
221,NH3 v=0,Ammonia,"0.0011528924, 0.00115289",23( 7)0a-23( 7)0s,-17.2789,,7358.64691,7358.70224,JPL
222,NH3 v=0,Ammonia,"0.0011631937, 0.00116319",25(11)0a-25(11)0s,-18.3356,,8335.94419,8336.00002,JPL
223,NH3 v=0,Ammonia,"0.001172767, 0.00117277",25( 6)0a-25(-6)0s,-19.1416,,8708.35695,8708.41323,JPL
224,CH3OH vt = 0-2,Methanol,"0.00119053, 0.00119053",39( 3) - -39( 3) + vt=1,-12.6026,,2197.98962,2198.04675,JPL
225,CH3OH vt = 0-2,Methanol,"0.001211477, 0.00121148",28(-5) -27(-6) E2 vt=0,-9.5972,,1064.98088,1065.03902,JPL
226,NH3 v=0,Ammonia,"0.0012231558, 0.00122316",22( 6)0a-22(-6)0s,-16.2257,,6804.75076,6804.80946,JPL
227,NH3 v=0,Ammonia,"0.0012471162999999998, 0.00124712",22( 5)0a-22( 5)0s,-16.744,,6854.30627,6854.36612,JPL
228,H2CO,Formaldehyde,"0.0012571532999999999, 0.00125715","53( 8,45)-53( 8,46)",-15.6448,,5732.42943,5732.48976,CDMS
229,NH3 v=0,Ammonia,"0.0012682171, 0.00126822",26(13)0a-26(13)0s,-18.8133,,8809.07852,8809.13939,JPL
230,CH3OH vt = 0-2,Methanol,"0.0012754770000000001, 0.00127548",37( 3) - -36( 5) - vt=0,-13.5934,,1679.92499,1679.9862,JPL
231,NH3 v=0,Ammonia,"0.0012793076000000001, 0.00127931",23( 6)0a-23(-6)0s,-17.111,,7416.61418,7416.67558,JPL
232,CH3OH vt = 0-2,Methanol,"0.0012954169999999999, 0.00129542",20( 2) - -20( 2) + vt=1,-10.4529,,784.34905,784.41122,JPL
233,NH3 v=0,Ammonia,"0.0013187357, 0.00131874",23( 8)0a-23( 8)0s,-16.9431,,7291.41728,7291.48057,JPL
234,NH3 v=0,Ammonia,"0.0013304584999999998, 0.00133046",21( 1)0a-21( 1)0s,-17.3625,,6375.29026,6375.35411,JPL
235,NH3 v=0,Ammonia,"0.0013343841, 0.00133438",24(10)0a-24(10)0s,-17.4508,,7767.56036,7767.6244,JPL
236,CH3OH vt = 0-2,Methanol,"0.0013346169999999997, 0.00133462",29( 4) + -29( 4) - vt=0,-10.4927,,1089.07594,1089.13999,JPL
237,CH3OH vt = 0-2,Methanol,"0.0013575759999999999, 0.00135758",40( 3) - -40( 3) + vt=1,-12.631,,2290.16002,2290.22517,JPL
238,CH3OH vt = 0-2,Methanol,"0.001360515, 0.00136052",19( 3) - -19( 3) + vt=0,-9.6268,,490.58271,490.648,JPL
239,NH3 v=0,Ammonia,"0.0013682998, 0.0013683",21( 2)0a-21( 2)0s,-16.7156,,6361.72397,6361.78963,JPL
240,CH3OH vt = 0-2,Methanol,"0.001397297, 0.0013973",39( 3) + -38( 4) + vt=1,-11.5572,,2197.922,2197.98905,JPL
241,NH3 v=0,Ammonia,"0.0014261445, 0.00142614",25(12)0a-25(-12)0s,-17.6255,,8233.24345,8233.31189,JPL
242,H2CO,Formaldehyde,"0.0014286849999999996, 0.00142868","26( 5,21)-26( 5,22)",-9.0499,,1521.30981,1521.37838,CDMS
243,CH3OH vt = 0-2,Methanol,"0.00144306, 0.00144306",5( 1) - - 5( 1) + vt=1,-9.8995,,359.95114,360.0204,JPL
244,NH3 v=0,Ammonia,"0.0014559494, 0.00145595",27(15)0a-27(-15)0s,-18.9462,,9271.66969,9271.73957,JPL
245,H2CO,Formaldehyde,"0.0014644674, 0.00146447","44( 7,37)-44( 7,38)",-12.6004,,4028.5639,4028.63419,CDMS
246,CH3OH vt = 0-2,Methanol,"0.001482224, 0.00148222",17( 4) -18( 5) E1 vt=2,-12.3945,,1239.63013,1239.70126,JPL
247,NH3 v=0,Ammonia,"0.0015235332, 0.00152353",21( 4)0a-21( 4)0s,-15.9375,,6307.28398,6307.3571,JPL
248,NH3 v=0,Ammonia,"0.0015335383999999998, 0.00153354",23( 9)0a-23(-9)0s,-16.2921,,7214.7817,7214.8553,JPL
249,H2CO,Formaldehyde,"0.001547359, 0.00154736","18( 4,14)-18( 4,15)",-8.4278,,786.49641,786.57067,CDMS
250,NH3 v=0,Ammonia,"0.0015480624, 0.00154806",22( 7)0a-22( 7)0s,-16.099,,6745.91937,6745.99366,JPL
251,H2CO,Formaldehyde,"0.0015555515, 0.00155555","35( 6,29)-35( 6,30)",-11.0227,,2623.80845,2623.88311,CDMS
252,CH3OH vt = 0-2,Methanol,"0.001566361, 0.00156636",21( 2) - -21( 2) + vt=1,-10.3693,,832.8557,832.93087,JPL
253,NH3 v=0,Ammonia,"0.0016062719, 0.00160627",24(11)0a-24(11)0s,-17.0636,,7673.04074,7673.11783,JPL
254,NH3 v=0,Ammonia,"0.0016068675999999999, 0.00160687",26(14)0a-26(14)0s,-18.3612,,8688.34209,8688.41921,JPL
255,CH3OH vt = 0-2,Methanol,"0.001616593, 0.00161659",11( 2) + -11( 2) - vt=0,-9.3029,,190.86273,190.94032,JPL
256,NH3 v=0,Ammonia,"0.0016531001, 0.0016531",21( 5)0a-21( 5)0s,-15.6109,,6266.30958,6266.38891,JPL
257,CH3OH vt = 0-2,Methanol,"0.001670411, 0.00167041",22( 6) - -21( 7) - vt=0,-9.1,,780.13921,780.21938,JPL
258,CH3OH vt = 0-2,Methanol,"0.001670425, 0.00167043",22( 6) + -21( 7) + vt=0,-9.1,,780.13921,780.21938,JPL
259,H2CO,Formaldehyde,"0.001671786, 0.00167179","54( 8,46)-54( 8,47)",-15.6787,,5920.04817,5920.1284,CDMS
260,CH3OH vt = 0-2,Methanol,"0.00172819, 0.00172819",30( 4) + -30( 4) - vt=0,-10.3803,,1158.56702,1158.64996,JPL
261,NH3 v=0,Ammonia,"0.0017419494, 0.00174195",20( 1)0a-20( 1)0s,-16.2765,,5812.32569,5812.40929,JPL
262,NH3 v=0,Ammonia,"0.001746353, 0.00174635",15( 3)0a-15(-3)0s,-11.2595,,3323.8917,3323.97551,JPL
263,NH3 v=0,Ammonia,"0.0017573856, 0.00175739",28(17)0a-28(17)0s,-19.6342,,9723.29702,9723.38136,JPL
264,NH3 v=0,Ammonia,"0.0017688553999999999, 0.00176886",22( 8)0a-22( 8)0s,-15.7643,,6677.69152,6677.77641,JPL
265,NH3 v=0,Ammonia,"0.0017750307, 0.00177503",25(13)0a-25(13)0s,-17.4972,,8120.64541,8120.7306,JPL
266,NH3 v=0,Ammonia,"0.0017903671999999998, 0.00179037",20( 2)0a-20( 2)0s,-15.6302,,5798.57221,5798.65814,JPL
267,NH3 v=0,Ammonia,"0.0018138507, 0.00181385",23(10)0a-23(10)0s,-16.2258,,7128.56579,7128.65284,JPL
268,CH3OH vt = 0-2,Methanol,"0.001819795, 0.0018198",4( 1) - - 4( 1) + vt=2,-10.0875,,705.86278,705.95012,JPL
269,CH3OH vt = 0-2,Methanol,"0.001836686, 0.00183669",20( 3) - -20( 3) + vt=0,-9.4466,,536.94415,537.03229,JPL
270,CH3OH vt = 0-2,Methanol,"0.001877354, 0.00187735",22( 2) - -22( 2) + vt=1,-10.2956,,883.66006,883.75016,JPL
271,NH3 v=0,Ammonia,"0.0019040727999999998, 0.00190407",27(16)0a-27(16)0s,-18.7506,,9132.52422,9132.6156,JPL
272,NH3 v=0,Ammonia,"0.0019155858, 0.00191559",21( 6)0a-21(-6)0s,-14.9479,,6216.03885,6216.13079,JPL
273,H2CO,Formaldehyde,"0.001942452, 0.00194245","11( 3, 8)-11( 3, 9)",-7.1425,,336.86322,336.95645,CDMS
274,NH3 v=0,Ammonia,"0.001964507, 0.00196451",24(12)0a-24(-12)0s,-16.3552,,7568.68772,7568.782,JPL
275,H2CO,Formaldehyde,"0.0019809892, 0.00198099","45( 7,38)-45( 7,39)",-12.5766,,4185.4435,4185.53857,CDMS
276,NH3 v=0,Ammonia,"0.0019918542, 0.00199185",20( 4)0a-20( 4)0s,-14.853,,5743.38853,5743.48412,JPL
277,CH3OH vt = 0-2,Methanol,"0.002019508, 0.00201951",6( 1) - - 6( 1) + vt=1,-9.708,,373.82807,373.92499,JPL
278,NH3 v=0,Ammonia,"0.002047441, 0.00204744",21( 7)0a-21( 7)0s,-14.968,,6156.36607,6156.46433,JPL
279,NH3 v=0,Ammonia,"0.0020551462, 0.00205515",22( 9)0a-22(-9)0s,-15.1141,,6599.90723,6600.00586,JPL
280,H2CO,Formaldehyde,"0.002063262, 0.00206326","27( 5,22)-27( 5,23)",-8.8851,,1615.80972,1615.90874,CDMS
281,NH3 v=0,Ammonia,"0.002065654, 0.00206565",26(15)0a-26(-15)0s,-17.5863,,8557.3435,8557.44263,JPL
282,H2CO,Formaldehyde,"0.0021572175, 0.00215722","36( 6,30)-36( 6,31)",-10.9346,,2749.62201,2749.72554,CDMS
283,NH3 v=0,Ammonia,"0.002158648, 0.00215865",20( 5)0a-20( 5)0s,-14.5274,,5701.84495,5701.94855,JPL
284,NH3 v=0,Ammonia,"0.0021800351, 0.00218004",23(11)0a-23(11)0s,-15.8395,,7032.56971,7032.67433,JPL
285,H2CO,Formaldehyde,"0.0022094463, 0.00220945","55( 8,47)-55( 8,48)",-15.723,,6111.11176,6111.21779,CDMS
286,CH3OH vt = 0-2,Methanol,"0.002216303, 0.0022163",31( 4) + -31( 4) - vt=0,-10.2792,,1230.36302,1230.46939,JPL
287,CH3OH vt = 0-2,Methanol,"0.002232047, 0.00223205",23( 2) - -23( 2) + vt=1,-10.2312,,936.76069,936.86781,JPL
288,NH3 v=0,Ammonia,"0.0022435655999999997, 0.00224357",25(14)0a-25(14)0s,-17.0459,,7997.88104,7997.98871,JPL
289,NH3 v=0,Ammonia,"0.0022437424, 0.00224374",29(19)0a-29(19)0s,-19.9663,,10163.25449,10163.36217,JPL
290,NH3 v=0,Ammonia,"0.0022461835, 0.00224618",19( 1)0a-19( 1)0s,-15.241,,5273.2421,5273.34989,JPL
291,CH3OH vt = 0-2,Methanol,"0.002260312, 0.00226031",12( 2) + -12( 2) - vt=0,-9.097,,218.6914,218.79987,JPL
292,NH3 v=0,Ammonia,"0.0023074068, 0.00230741",19( 2)0a-19( 2)0s,-14.595,,5259.30446,5259.41519,JPL
293,NH3 v=0,Ammonia,"0.0023272207, 0.00232722",20( 6)0a-20(-6)0s,-13.9272,,5650.87643,5650.98811,JPL
294,CH3OH vt = 0-2,Methanol,"0.002328191, 0.00232819",34(14) + -35(15) - vt=2 - vt=1,-11.578,,2976.15916,2976.27089,JPL
295,NH3 v=0,Ammonia,"0.0023367666, 0.00233677",21( 8)0a-21( 8)0s,-14.6342,,6087.1472,6087.25934,JPL
296,H2CO,Formaldehyde,"0.0023601860000000002, 0.00236019","19( 4,15)-19( 4,16)",-8.1817,,853.03587,853.14914,CDMS
297,NH3 v=0,Ammonia,"0.0023758224, 0.00237582",28(18)0a-28(-18)0s,-18.7889,,9565.20224,9565.31626,JPL
298,HDO,Water,"0.00239456, 0.00239456","6( 4, 2)- 6( 4, 3)",-7.4536,,825.69567,825.81059,JPL
299,NH3 v=0,Ammonia,"0.0024270357, 0.00242704",22(10)0a-22(10)0s,-15.0487,,6512.38535,6512.50182,JPL
300,NH3 v=0,Ammonia,"0.0024412546999999997, 0.00244125",24(13)0a-24(13)0s,-16.2273,,7454.25252,7454.36968,JPL
301,CH3OH vt = 0-2,Methanol,"0.002442865, 0.00244286",21( 3) - -21( 3) + vt=0,-9.2816,,585.61625,585.73349,JPL
302,H2CO,Formaldehyde,"0.002483408, 0.00248341","5( 2, 3)- 5( 2, 4)",-7.0899,,99.53747,99.65665,CDMS
303,CH3OH vt = 0-2,Methanol,"0.002502768, 0.00250277",2( 1) - - 2( 1) + vt=0,-8.5596,,21.44341,21.56352,JPL
304,NH3 v=0,Ammonia,"0.002529659, 0.00252966",27(17)0a-27(17)0s,-18.2296,,8982.651,8982.7724,JPL
305,HDO,Water,"0.0025400234999999995, 0.00254002","15( 7, 8)-15( 7, 9)",-11.5086,,3726.39443,3726.51633,JPL
306,CH3OH vt = 0-2,Methanol,"0.002558441, 0.00255844",37(15) + -36(17) - vt=2 - vt=1,-13.7377,,3248.06341,3248.1862,JPL
307,NH3 v=0,Ammonia,"0.0025647008, 0.0025647",19( 4)0a-19( 4)0s,-13.8186,,5203.38556,5203.50865,JPL
308,CH3OH vt = 0-2,Methanol,"0.0025814149999999997, 0.00258141",13(-6) -12(-7) E2 vt=1,-9.0951,,703.83987,703.96376,JPL
309,CH3OH vt = 0-2,Methanol,"0.002634222, 0.00263422",24( 2) - -24( 2) + vt=1,-10.1756,,992.15616,992.28259,JPL
310,CH3OH vt = 0-2,Methanol,"0.00264727, 0.00264727",39( 3) - -38( 4) - vt=1,-11.0022,,2197.91912,2198.04617,JPL
311,H2CO,Formaldehyde,"0.0026592584, 0.00265926","46( 7,39)-46( 7,40)",-12.5644,,4345.79988,4345.9275,CDMS
312,NH3 v=0,Ammonia,"0.0026630801, 0.00266308",23(12)0a-23(-12)0s,-15.1315,,6926.56497,6926.69278,JPL
313,NH3 v=0,Ammonia,"0.0026677544999999993, 0.00266775",20( 7)0a-20( 7)0s,-13.8863,,5590.36167,5590.4897,JPL
314,CH3OH vt = 0-2,Methanol,"0.002691462, 0.00269146",7( 1) - - 7( 1) + vt=1,-9.5527,,390.01565,390.14482,JPL
315,NH3 v=0,Ammonia,"0.0026983959, 0.0026984",26(16)0a-26(16)0s,-17.3894,,8415.75284,8415.88234,JPL
316,CH3OH vt = 0-2,Methanol,"0.0027101599999999992, 0.00271016",23( 4) -22( 3) E1 vt=1,-8.4415,,1001.31393,1001.44399,JPL
317,NH3 v=0,Ammonia,"0.002711731, 0.00271173",21( 9)0a-21(-9)0s,-13.9848,,6008.22239,6008.35253,JPL
318,CH3OH vt = 0-2,Methanol,"0.00272909, 0.00272909",5( 1) - - 5( 1) + vt=2,-9.8372,,717.40315,717.53412,JPL
319,NH3 v=0,Ammonia,"0.0027767845, 0.00277678",19( 5)0a-19( 5)0s,-13.4938,,5161.28115,5161.41441,JPL
320,CH3OH vt = 0-2,Methanol,"0.0028163739999999995, 0.00281637",32( 4) + -32( 4) - vt=0,-10.1888,,1304.46104,1304.59621,JPL
321,CH3OH vt = 0-2,Methanol,"0.0028271719999999993, 0.00282717",29( 5) -30( 4) E1 vt=1,-10.269,,1437.35147,1437.48716,JPL
322,NH3 v=0,Ammonia,"0.0028527972, 0.0028528",18( 1)0a-18( 1)0s,-14.2557,,4758.40002,4758.53694,JPL
323,CH3OH vt = 0-2,Methanol,"0.0028640439999999996, 0.00286404",30(13) -31(15) E1 vt=1 - vt=0,-14.3834,,2273.97962,2274.11707,JPL
324,NH3 v=0,Ammonia,"0.0028820452, 0.00288205",25(15)0a-25(-15)0s,-16.2699,,7864.64531,7864.78362,JPL
325,H2CO,Formaldehyde,"0.0029024837, 0.00290248","56( 8,48)-56( 8,49)",-15.7775,,6305.61846,6305.75776,CDMS
326,NH3 v=0,Ammonia,"0.0029140357, 0.00291404",22(11)0a-22(11)0s,-14.6628,,6414.91754,6415.0574,JPL
327,CH3OH vt = 0-2,Methanol,"0.0029259819999999997, 0.00292598",11( 2) -10( 3) E1 vt=0,-7.9885,,175.38446,175.52489,JPL
328,NH3 v=0,Ammonia,"0.0029294711, 0.00292947",18( 2)0a-18( 2)0s,-13.61,,4744.28182,4744.42241,JPL
329,H2CO,Formaldehyde,"0.0029369299999999995, 0.00293693","28( 5,23)-28( 5,24)",-8.7376,,1713.82123,1713.96218,CDMS
330,H2CO,Formaldehyde,"0.0029617743, 0.00296177","37( 6,31)-37( 6,32)",-10.8602,,2878.93465,2879.07679,CDMS
331,HDO,Water,"0.0029742726999999994, 0.00297427","12( 6, 6)-12( 6, 7)",-9.6713,,2526.88868,2527.03142,JPL
332,CH3OH vt = 0-2,Methanol,"0.002977438, 0.00297744",24(17) + -25(18) + vt=2,-10.6059,,2925.03107,2925.17397,JPL
333,NH3 v=0,Ammonia,"0.0030418049, 0.0030418",20( 8)0a-20( 8)0s,-13.553,,5520.16199,5520.30797,JPL
334,HDO,Water,"0.00304471, 0.00304471","9( 5, 4)- 9( 5, 5)",-8.2822,,1557.87698,1558.0231,JPL
335,NH3 v=0,Ammonia,"0.0030588270999999997, 0.00305883",30(21)0a-30(-21)0s,-19.9327,,10590.48505,10590.63185,JPL
336,CH3OH vt = 0-2,Methanol,"0.003077467, 0.00307747",13( 2) + -13( 2) - vt=0,-8.9157,,248.83216,248.97986,JPL
337,NH3 v=0,Ammonia,"0.0030835131, 0.00308351",24(14)0a-24(14)0s,-15.7752,,7329.45358,7329.60156,JPL
338,NH3 v=0,Ammonia,"0.0030870754, 0.00308708",19( 6)0a-19(-6)0s,-12.8666,,5109.61914,5109.76729,JPL
339,CH3OH vt = 0-2,Methanol,"0.003087783, 0.00308778",25( 2) - -25( 2) + vt=1,-10.1284,,1049.84359,1049.99178,JPL
340,NH3 v=0,Ammonia,"0.0031398382, 0.00313984",29(20)0a-29(20)0s,-19.3717,,9985.45923,9985.60992,JPL
341,NH3 v=0,Ammonia,"0.003199827, 0.00319983",21(10)0a-21(10)0s,-13.9196,,5919.40288,5919.55645,JPL
342,CH3OH vt = 0-2,Methanol,"0.003205301, 0.0032053",22( 3) - -22( 3) + vt=0,-9.1309,,636.59614,636.74997,JPL
343,H2CO,Formaldehyde,"0.003225423, 0.00322542","12( 3, 9)-12( 3,10)",-6.8004,,378.87397,379.02877,CDMS
344,NH3 v=0,Ammonia,"0.0032538023, 0.0032538",18( 4)0a-18( 4)0s,-12.8339,,4687.63922,4687.79538,JPL
345,NH3 v=0,Ammonia,"0.0032690654, 0.00326907",28(19)0a-28(19)0s,-18.5182,,9395.78608,9395.94297,JPL
346,CH3OH vt = 0-2,Methanol,"0.003279976, 0.00327998",4( 1) - 3( 0) E1 vt=1,-8.228,,314.46879,314.6262,JPL
347,CH3OH vt = 0-2,Methanol,"0.003289936, 0.00328994",14(10) -15( 7) E1 vt=1 - vt=2,-15.585,,1156.10673,1156.26462,JPL
348,HDO,Water,"0.0032967588999999998, 0.00329676","5( 0, 5)- 4( 2, 2)",-8.7105,,319.17083,319.32905,JPL
349,NH3 v=0,Ammonia,"0.00330691, 0.00330691",23(13)0a-23(13)0s,-15.0031,,6810.29189,6810.4506,JPL
350,CH3OH vt = 0-2,Methanol,"0.0033436689999999996, 0.00334367",32( 8) + -33( 7) + vt=0,-9.355,,1543.15852,1543.31899,JPL
351,CH3OH vt = 0-2,Methanol,"0.003343735, 0.00334374",32( 8) - -33( 7) - vt=0,-9.355,,1543.15852,1543.31899,JPL
352,CH3OH vt = 0-2,Methanol,"0.0033873560000000002, 0.00338736",4( 0) - 3( 2) E1 vt=0,-12.6449,,36.17208,36.33465,JPL
353,NH3 v=0,Ammonia,"0.0034207756, 0.00342078",27(18)0a-27(-18)0s,-17.3805,,8821.64271,8821.80688,JPL
354,NH3 v=0,Ammonia,"0.0034259486, 0.00342595",19( 7)0a-19( 7)0s,-12.8535,,5048.27925,5048.44367,JPL
355,CH3OH vt = 0-2,Methanol,"0.003458655, 0.00345866",8( 1) - - 8( 1) + vt=1,-9.4255,,408.5139,408.67989,JPL
356,CH3OH vt = 0-2,Methanol,"0.003460655, 0.00346066",31( 4) -32( 2) E1 vt=0,-11.4595,,1245.04709,1245.21318,JPL
357,CH3OH vt = 0-2,Methanol,"0.0035133119999999993, 0.00351331",28(12) + -29(14) - vt=1 - vt=0,-12.1734,,1981.72398,1981.89259,JPL
358,H2CO,Formaldehyde,"0.0035187939999999996, 0.00351879","20( 4,16)-20( 4,17)",-7.9596,,923.08995,923.25882,CDMS
359,NH3 v=0,Ammonia,"0.0035205681, 0.00352057",18( 5)0a-18( 5)0s,-12.5095,,4644.98419,4645.15315,JPL
360,NH3 v=0,Ammonia,"0.0035271163999999995, 0.00352712",20( 9)0a-20(-9)0s,-12.9037,,5440.10732,5440.27659,JPL
361,H2CO,Formaldehyde,"0.0035434670999999994, 0.00354347","47( 7,40)-47( 7,41)",-12.5637,,4509.63189,4509.80195,CDMS
362,CH3OH vt = 0-2,Methanol,"0.003547920999999999, 0.00354792",33( 4) + -33( 4) - vt=0,-10.1088,,1380.8611,1381.03137,JPL
363,NH3 v=0,Ammonia,"0.0035569732, 0.00355697",22(12)0a-22(-12)0s,-13.9544,,6307.26528,6307.43598,JPL
364,NH3 v=0,Ammonia,"0.0035712341, 0.00357123",17( 1)0a-17( 1)0s,-13.32,,4268.15601,4268.3274,JPL
365,NH3 v=0,Ammonia,"0.003586414, 0.00358641",26(17)0a-26(17)0s,-16.8651,,8263.1943,8263.36642,JPL
366,CH3OH vt = 0-2,Methanol,"0.003596753, 0.00359675",26( 2) - -26( 2) + vt=1,-10.0893,,1109.82298,1109.9956,JPL
367,NH3 v=0,Ammonia,"0.0036663739999999996, 0.00366637",17( 2)0a-17( 2)0s,-12.6744,,4253.86141,4254.03736,JPL
368,NH3 v=0,Ammonia,"0.0037653157, 0.00376532",25(16)0a-25(16)0s,-16.0705,,7720.59176,7720.77246,JPL
369,CH3OH vt = 0-2,Methanol,"0.003819712, 0.00381971",6( 1) - - 6( 1) + vt=2,-9.6341,,731.24986,731.43317,JPL
370,NH3 v=0,Ammonia,"0.0038389987, 0.003839",21(11)0a-21(11)0s,-13.5335,,5820.47142,5820.65567,JPL
371,NH3 v=0,Ammonia,"0.0038596889, 0.00385969",18( 6)0a-18(-6)0s,-11.8941,,4592.64352,4592.82875,JPL
372,CH3OH vt = 0-2,Methanol,"0.0038623119999999997, 0.00386231",36( 2) -36( 1) E1 vt=0,-11.9921,,1562.81642,1563.00178,JPL
373,NH3 v=0,Ammonia,"0.003903644299999999, 0.00390364",19( 8)0a-19( 8)0s,-12.5203,,4977.11142,4977.29876,JPL
374,CH3OH vt = 0-2,Methanol,"0.003913819, 0.00391382",24(a0) -25(a3) E1 vt=2 - vt=1,-17.2221,,1944.62246,1944.81029,JPL
375,CH3OH vt = 0-2,Methanol,"0.003927125, 0.00392713",31( 1) - -30( 3) - vt=1,-12.301,,1471.32224,1471.51071,JPL
376,NH3 v=0,Ammonia,"0.0039601658, 0.00396017",24(15)0a-24(-15)0s,-14.9974,,7193.97092,7194.16098,JPL
377,H2CO,Formaldehyde,"0.0040276626, 0.00402766","38( 6,32)-38( 6,33)",-10.799,,3011.74595,3011.93925,CDMS
378,NH3 v=0,Ammonia,"0.0040704672, 0.00407047",17( 4)0a-17( 4)0s,-11.8983,,4196.5095,4196.70485,JPL
379,CH3OH vt = 0-2,Methanol,"0.0040917819999999995, 0.00409178",12( 3) + -11( 0) + vt=1,-11.3623,,576.46856,576.66494,JPL
380,CH3OH vt = 0-2,Methanol,"0.004095717, 0.00409572",14( 2) + -14( 2) - vt=0,-8.756,,281.28503,281.48159,JPL
381,CH3OH vt = 0-2,Methanol,"0.004117264, 0.00411726",20(a5) -21(a7) E1 vt=2 - vt=1,-11.9142,,2287.4019,2287.59949,JPL
382,H2CO,Formaldehyde,"0.0041242742, 0.00412427","29( 5,24)-29( 5,25)",-8.6066,,1815.34463,1815.54256,CDMS
383,CH3OH vt = 0-2,Methanol,"0.004153689, 0.00415369",23( 3) - -23( 3) + vt=0,-8.9935,,689.88382,690.08316,JPL
384,NH3 v=0,Ammonia,"0.004158986399999999, 0.00415899",20(10)0a-20(10)0s,-12.8384,,5350.0017,5350.2013,JPL
385,CH3OH vt = 0-2,Methanol,"0.004162958, 0.00416296",36(12) + -35(10) - vt=0 - vt=1,-14.2671,,2259.78617,2259.98596,JPL
386,CH3OH vt = 0-2,Methanol,"0.004165263, 0.00416526",27( 2) - -27( 2) + vt=1,-10.0579,,1172.09145,1172.29135,JPL
387,NH3 v=0,Ammonia,"0.0041749745, 0.00417497",23(14)0a-23(14)0s,-14.5498,,6683.45523,6683.65559,JPL
388,NH3 v=0,Ammonia,"0.004176256999999999, 0.00417626",17(-3)0s-17( 3)0a,-11.8734,,4229.98835,4230.18878,JPL
389,CH3OH vt = 0-2,Methanol,"0.004320772, 0.00432077",9( 1) - - 9( 1) + vt=1,-9.3211,,429.32281,429.53018,JPL
390,NH3 v=0,Ammonia,"0.004338897299999999, 0.0043389",18( 7)0a-18( 7)0s,-11.8693,,4530.48914,4530.69737,JPL
391,CH3OH vt = 0-2,Methanol,"0.004390517, 0.00439052",37( 2) -37( 1) E1 vt=0,-10.5748,,1647.99152,1648.20223,JPL
392,NH3 v=0,Ammonia,"0.004402486799999999, 0.00440249",17( 5)0a-17( 5)0s,-11.5739,,4153.31522,4153.5265,JPL
393,NH3 v=0,Ammonia,"0.0044078175, 0.00440782",30(22)0a-30(22)0s,-19.5914,,10392.01396,10392.2255,JPL
394,NH3 v=0,Ammonia,"0.004409894100000001, 0.00440989",16( 1)0a-16( 1)0s,-12.4331,,3802.86095,3803.07259,JPL
395,NH3 v=0,Ammonia,"0.0044143169, 0.00441432",22(13)0a-22(13)0s,-13.8252,,6189.1569,6189.36875,JPL
396,CH3OH vt = 0-2,Methanol,"0.004432604999999999, 0.0044326",34( 4) + -34( 4) - vt=0,-10.039,,1459.56175,1459.77448,JPL
397,NH3 v=0,Ammonia,"0.004472769, 0.00447277",29(21)0a-29(-21)0s,-18.4468,,9795.60061,9795.81527,JPL
398,NH3 v=0,Ammonia,"0.004523861499999999, 0.00452386",19( 9)0a-19(-9)0s,-11.8708,,4895.94113,4896.15824,JPL
399,NH3 v=0,Ammonia,"0.0045268055, 0.00452681",16( 2)0a-16( 2)0s,-11.7874,,3788.39442,3788.61167,JPL
400,NH3 v=0,Ammonia,"0.0045816955, 0.0045817",28(20)0a-28(20)0s,-17.9172,,9214.54698,9214.76687,JPL
401,CH3OH vt = 0-2,Methanol,"0.004620182, 0.00462018",18( 1) -17(-3) E2 vt=0,-11.5181,,417.69612,417.91786,JPL
402,NH3 v=0,Ammonia,"0.0046831668, 0.00468317",21(12)0a-21(-12)0s,-12.8245,,5711.17939,5711.40415,JPL
403,H2CO,Formaldehyde,"0.0046880185, 0.00468802","48( 7,41)-48( 7,42)",-12.5742,,4676.93809,4677.16308,CDMS
404,CH3OH vt = 0-2,Methanol,"0.004701767999999999, 0.00470177",25(11) -24(14) E1 vt=2 - vt=1,-15.3742,,2048.48285,2048.7085,JPL
405,NH3 v=0,Ammonia,"0.004710391899999999, 0.00471039",27(19)0a-27(19)0s,-17.1049,,8649.0345,8649.26056,JPL
406,CH3OH vt = 0-2,Methanol,"0.004797546999999999, 0.00479755",28( 2) - -28( 2) + vt=1,-10.034,,1236.64612,1236.87637,JPL
407,H2CO,Formaldehyde,"0.0048296414, 0.00482964","1( 1, 0)- 1( 1, 1), F= 1- 0",-6.8564,,15.16318,15.39497,CDMS
408,H2CO,Formaldehyde,"0.004829658499999999, 0.00482966","1( 1, 0)- 1( 1, 1), F= 0- 1",-6.8564,,15.16318,15.39497,CDMS
409,H2CO,Formaldehyde,"0.004829659599999999, 0.00482966","1( 1, 0)- 1( 1, 1), F= 2- 2",-6.2824,,15.16318,15.39497,CDMS
410,H2CO,Formaldehyde,"0.0048296599999999995, 0.00482966","1( 1, 0)- 1( 1, 1)",-5.9022,,15.16318,15.39497,CDMS
411,H2CO,Formaldehyde,"0.0048296641, 0.00482966","1( 1, 0)- 1( 1, 1), F= 2- 1",-6.7595,,15.16318,15.39497,CDMS
412,H2CO,Formaldehyde,"0.0048296665, 0.00482967","1( 1, 0)- 1( 1, 1), F= 1- 2",-6.7595,,15.16318,15.39497,CDMS
413,H2CO,Formaldehyde,"0.004829671, 0.00482967","1( 1, 0)- 1( 1, 1), F= 1- 1",-6.9814,,15.16318,15.39497,CDMS
414,NH3 v=0,Ammonia,"0.0048512476, 0.00485125",26(18)0a-26(-18)0s,-16.0122,,8099.23913,8099.47195,JPL
415,NH3 v=0,Ammonia,"0.004852058299999999, 0.00485206",17( 6)0a-17(-6)0s,-10.9535,,4100.30839,4100.54125,JPL
416,CH3OH vt = 0-2,Methanol,"0.004912974, 0.00491297",35( 2) -35( 1) E1 vt=0,-9.9038,,1479.85414,1480.08992,JPL
417,NH3 v=0,Ammonia,"0.0049418176000000005, 0.00494182",18( 8)0a-18( 8)0s,-11.5359,,4458.3687,4458.60587,JPL
418,H2CO,Formaldehyde,"0.0049547108, 0.00495471","6( 2, 4)- 6( 2, 5)",-6.5949,,120.49011,120.7279,CDMS
419,CH3OH vt = 0-2,Methanol,"0.0049552, 0.0049552",25( 4) - -26( 1) - vt=0,-11.3505,,833.94485,834.18266,JPL
420,NH3 v=0,Ammonia,"0.0049869898, 0.00498699",20(11)0a-20(11)0s,-12.4518,,5249.61881,5249.85815,JPL
421,NH3 v=0,Ammonia,"0.0050041741, 0.00500417",25(17)0a-25(17)0s,-15.5433,,7565.32488,7565.56504,JPL
422,CH3OH vt = 0-2,Methanol,"0.005005302, 0.0050053",3( 1) - - 3( 1) + vt=0,-8.1238,,28.34806,28.58827,JPL
423,NH3 v=0,Ammonia,"0.0050245829, 0.00502458",16( 4)0a-16( 4)0s,-11.0112,,3730.35047,3730.59161,JPL
424,CH3OH vt = 0-2,Methanol,"0.005091373, 0.00509137",7( 1) - - 7( 1) + vt=2,-9.4653,,747.40435,747.6487,JPL
425,H2CO,Formaldehyde,"0.005136539, 0.00513654","13( 3,10)-13( 3,11)",-6.4973,,424.3923,424.63881,CDMS
426,H2CO,Formaldehyde,"0.005138492, 0.00513849","21( 4,17)-21( 4,18)",-7.7598,,996.65937,996.90597,CDMS
427,NH3 v=0,Ammonia,"0.005172155499999999, 0.00517216",24(16)0a-24(16)0s,-14.7959,,7047.44039,7047.68861,JPL
428,CH3OH vt = 0-2,Methanol,"0.005277457000000001, 0.00527746",10( 1) - -10( 1) + vt=1,-9.2359,,452.44095,452.69422,JPL
429,CH3OH vt = 0-2,Methanol,"0.005321312, 0.00532131",24( 3) - -24( 3) + vt=0,-8.8687,,745.4764,745.73178,JPL
430,NH3 v=0,Ammonia,"0.0053319382, 0.00533194",19(10)0a-19(10)0s,-11.8051,,4804.5645,4804.82039,JPL
431,CH3OH vt = 0-2,Methanol,"0.005344271, 0.00534427",15( 2) + -15( 2) - vt=0,-8.6157,,316.04856,316.30504,JPL
432,NH3 v=0,Ammonia,"0.0053592676, 0.00535927",23(15)0a-23(-15)0s,-13.7705,,6545.7196,6545.9768,JPL
433,NH3 v=0,Ammonia,"0.0053749776, 0.00537498",15( 1)0a-15( 1)0s,-11.5943,,3362.85902,3363.11698,JPL
434,NH3 v=0,Ammonia,"0.0054225169, 0.00542252",17( 7)0a-17( 7)0s,-10.9333,,4037.35751,4037.61775,JPL
435,H2CO,Formaldehyde,"0.005427157000000001, 0.00542716","39( 6,33)-39( 6,34)",-10.7508,,3148.05561,3148.31607,CDMS
436,NH3 v=0,Ammonia,"0.00543324, 0.00543324",16( 5)0a-16( 5)0s,-10.6865,,3686.6306,3686.89136,JPL
437,H2CO,Formaldehyde,"0.00546122, 0.00546122","31( 1,30)-30( 3,27)",-10.0878,,1753.36349,1753.62558,CDMS
438,CH3OH vt = 0-2,Methanol,"0.005494243, 0.00549424",35( 4) + -35( 4) - vt=0,-9.9789,,1540.5601,1540.82378,JPL
439,CH3OH vt = 0-2,Methanol,"0.005497932, 0.00549793",29( 2) - -29( 2) + vt=1,-10.0172,,1303.487,1303.75086,JPL
440,NH3 v=0,Ammonia,"0.0055171582, 0.00551716",15( 2)0a-15( 2)0s,-10.9486,,3348.22588,3348.49066,JPL
441,NH3 v=0,Ammonia,"0.0055699362, 0.00556994",22(14)0a-22(14)0s,-13.3708,,6060.28366,6060.55097,JPL
442,CH3OH vt = 0-2,Methanol,"0.005619234, 0.00561923",30(10) -31(13) E1 vt=1 - vt=0,-11.4396,,1986.36545,1986.63513,JPL
443,CH3OH vt = 0-2,Methanol,"0.005629206, 0.00562921",37(-5) -38(-2) E2 vt=0,-13.2963,,1751.57855,1751.84871,JPL
444,HDO,Water,"0.005702779999999999, 0.00570278","4( 3, 1)- 4( 3, 2)",-6.2063,,425.13772,425.41141,JPL
445,H2CO,Formaldehyde,"0.005718241, 0.00571824","30( 5,25)-30( 5,26)",-8.4915,,1920.38021,1920.65464,CDMS
446,NH3 v=0,Ammonia,"0.00572509, 0.00572509",18( 9)0a-18(-9)0s,-10.8859,,4376.10006,4376.37481,JPL
447,NH3 v=0,Ammonia,"0.005808781, 0.00580878",21(13)0a-21(13)0s,-12.6944,,5591.24292,5591.52169,JPL
448,CH3OH vt = 0-2,Methanol,"0.00591351, 0.00591351",20(16) -21(17) E1 vt=2,-9.7433,,2496.19888,2496.48268,JPL
449,CH3OH vt = 0-2,Methanol,"0.005972669, 0.00597267",15(12) + -16( 9) - vt=0 - vt=1,-13.2488,,998.45078,998.73742,JPL
450,NH3 v=0,Ammonia,"0.00597393, 0.00597393",16( 6)0a-16(-6)0s,-10.0677,,3632.97446,3633.26116,JPL
451,CH3OH vt = 0-2,Methanol,"0.005982545, 0.00598255",38( 2) -38( 1) E1 vt=0,-10.1465,,1735.39528,1735.68239,JPL
452,NH3 v=0,Ammonia,"0.0060807066, 0.00608071",20(12)0a-20(-12)0s,-11.742,,5138.69895,5138.99078,JPL
453,CH3OH vt = 0-2,Methanol,"0.006107493, 0.00610749",35( 4) + -36( 1) + vt=0,-11.1369,,1540.53708,1540.8302,JPL
454,NH3 v=0,Ammonia,"0.00612337, 0.00612337",15( 4)0a-15( 4)0s,-10.1718,,3289.50988,3289.80375,JPL
455,H2CO,Formaldehyde,"0.0061593907, 0.00615939","49( 7,42)-49( 7,43)",-12.5957,,4847.7172,4848.0128,CDMS
456,HDO,Water,"0.0061729648, 0.00617296","16( 7, 9)-16( 7,10)",-11.2843,,4081.27823,4081.57448,JPL
457,NH3 v=0,Ammonia,"0.0061746901, 0.00617469",17( 8)0a-17( 8)0s,-10.5994,,3964.30317,3964.59951,JPL
458,CH3OH vt = 0-2,Methanol,"0.006181127999999999, 0.00618113",17(-2) -18(-3) E2 vt=1,-7.5374,,718.19303,718.48968,JPL
459,CH3OH vt = 0-2,Methanol,"0.00627083, 0.00627083",30( 2) - -30( 2) + vt=1,-10.0074,,1372.60976,1372.91071,JPL
460,CH3OH vt = 0-2,Methanol,"0.006328305, 0.00632831",11( 1) - -11( 1) + vt=1,-9.1672,,477.86831,478.17202,JPL
461,CH3OH vt = 0-2,Methanol,"0.006335727, 0.00633573",37(15) + -36(14) - vt=1 - vt=2,-10.8022,,3143.46349,3143.76756,JPL
462,NH3 v=0,Ammonia,"0.006391083999999999, 0.00639108",19(11)0a-19(11)0s,-11.4177,,4702.74572,4703.05244,JPL
463,CH3OH vt = 0-2,Methanol,"0.006429225, 0.00642923",19( 4) + -18( 3) + vt=2,-8.5738,,1053.29664,1053.60519,JPL
464,CH3OH vt = 0-2,Methanol,"0.006429627999999999, 0.00642963",19( 4) - -18( 3) - vt=2,-8.5737,,1053.29664,1053.60521,JPL
465,NH3 v=0,Ammonia,"0.00643864, 0.00643864",13( 3)0a-13(-3)0s,-8.9016,,2520.20488,2520.51388,JPL
466,NH3 v=0,Ammonia,"0.0064666869, 0.00646669",30(23)0a-30(23)0s,-18.9179,,10180.60762,10180.91797,JPL
467,NH3 v=0,Ammonia,"0.006469271799999999, 0.00646927",14( 1)0a-14( 1)0s,-10.8031,,2948.48617,2948.79664,JPL
468,NH3 v=0,Ammonia,"0.006483551599999999, 0.00648355",29(22)0a-29(22)0s,-18.0936,,9593.07867,9593.38983,JPL
469,NH3 v=0,Ammonia,"0.0065292663, 0.00652927",31(24)0a-31(-24)0s,-19.4523,,10783.35832,10783.67167,JPL
470,NH3 v=0,Ammonia,"0.006533230199999999, 0.00653323",28(21)0a-28(-21)0s,-16.9855,,9020.91692,9021.23046,JPL
471,CH3OH vt = 0-2,Methanol,"0.006543732999999999, 0.00654373",8( 1) - - 8( 1) + vt=2,-9.3227,,765.86519,766.17924,JPL
472,NH3 v=0,Ammonia,"0.006597974199999999, 0.00659797",27(20)0a-27(20)0s,-16.4993,,8464.29617,8464.61282,JPL
473,NH3 v=0,Ammonia,"0.006621149999999999, 0.00662115",15( 5)0a-15( 5)0s,-9.8468,,3245.27968,3245.59745,JPL
474,NH3 v=0,Ammonia,"0.00664023, 0.00664023",14( 2)0a-14( 2)0s,-10.1573,,2933.69203,2934.01071,JPL
475,CH3OH vt = 0-2,Methanol,"0.006668564, 0.00666856",5( 1) + - 6( 0) + vt=0,-6.8702,,48.73973,49.05977,JPL
476,NH3 v=0,Ammonia,"0.0066737607, 0.00667376",26(19)0a-26(19)0s,-15.7332,,7923.3967,7923.71699,JPL
477,CH3OH vt = 0-2,Methanol,"0.006674444999999999, 0.00667444",22(-6) -21(-8) E2 vt=2,-14.4984,,1451.82836,1452.14868,JPL
478,NH3 v=0,Ammonia,"0.00669045, 0.00669045",16( 7)0a-16( 7)0s,-10.045,,3569.2455,3569.56659,JPL
479,CH3OH vt = 0-2,Methanol,"0.006745122999999999, 0.00674512",25( 3) - -25( 3) + vt=0,-8.756,,803.37245,803.69616,JPL
480,NH3 v=0,Ammonia,"0.0067459584, 0.00674596",18(10)0a-18(10)0s,-10.8195,,4283.47127,4283.79502,JPL
481,CH3OH vt = 0-2,Methanol,"0.006758772, 0.00675877",36( 4) + -36( 4) - vt=0,-9.9285,,1623.86049,1624.18486,JPL
482,NH3 v=0,Ammonia,"0.0067623699, 0.00676237",25(18)0a-25(-18)0s,-14.6878,,7398.39275,7398.7173,JPL
483,CH3OH vt = 0-2,Methanol,"0.006785302999999999, 0.0067853",28( 5) + -28( 9) + vt=1 - vt=0,-10.2957,,1358.31991,1358.64555,JPL
484,CH3OH vt = 0-2,Methanol,"0.006785405, 0.00678541",28( 5) - -28( 9) - vt=1 - vt=0,-10.2957,,1358.31991,1358.64556,JPL
485,CH3OH vt = 0-2,Methanol,"0.006817135, 0.00681714",22(14) + -21(12) - vt=1 - vt=2,-13.3519,,1891.8254,1892.15257,JPL
486,CH3OH vt = 0-2,Methanol,"0.006853682, 0.00685368",16( 2) + -16( 2) - vt=0,-8.493,,353.11987,353.44879,JPL
487,NH3 v=0,Ammonia,"0.006867607699999999, 0.00686761",24(17)0a-24(17)0s,-14.2667,,6889.44575,6889.77534,JPL
488,CH3OH vt = 0-2,Methanol,"0.006922536, 0.00692254",34( 2) -34( 1) E1 vt=0,-9.1481,,1399.13778,1399.47001,JPL
489,CH3OH vt = 0-2,Methanol,"0.006955747999999999, 0.00695575",24(a3) -23(a4) E1 vt=1,-9.1903,,1886.68756,1887.02138,JPL
490,NH3 v=0,Ammonia,"0.0069937199, 0.00699372",23(16)0a-23(16)0s,-13.5674,,6396.70201,6397.03766,JPL
491,CH3OH vt = 0-2,Methanol,"0.007120727, 0.00712073",31( 2) - -31( 2) + vt=1,-10.0043,,1444.01297,1444.35471,JPL
492,NH3 v=0,Ammonia,"0.0071448883, 0.00714489",22(15)0a-22(-15)0s,-12.5902,,5920.29319,5920.63609,JPL
493,NH3 v=0,Ammonia,"0.0071523, 0.0071523",17( 9)0a-17(-9)0s,-9.9487,,3880.95703,3881.30028,JPL
494,H2CO,Formaldehyde,"0.007248847999999999, 0.00724885","40( 6,34)-40( 6,35)",-10.7153,,3287.86249,3288.21038,CDMS
495,CH3OH vt = 0-2,Methanol,"0.007283363999999999, 0.00728336",11(-3) -10(-4) E2 vt=0,-7.3624,,215.54481,215.89435,JPL
496,NH3 v=0,Ammonia,"0.007285864199999999, 0.00728586",15( 6)0a-15(-6)0s,-9.2268,,3190.99264,3191.3423,JPL
497,CH3OH vt = 0-2,Methanol,"0.007293857999999999, 0.00729386",10(-7) - 9(-5) E2 vt=1,-12.4405,,650.31192,650.66197,JPL
498,CH3OH vt = 0-2,Methanol,"0.00732133, 0.00732133",39(11) + -40(10) + vt=0,-9.8101,,2400.62292,2400.97428,JPL
499,CH3OH vt = 0-2,Methanol,"0.00732139, 0.00732139",39(11) - -40(10) - vt=0,-9.8101,,2400.62292,2400.97429,JPL
500,NH3 v=0,Ammonia,"0.0073252079, 0.00732521",21(14)0a-21(14)0s,-12.2388,,5460.33828,5460.68983,JPL
501,H2CO,Formaldehyde,"0.00736264, 0.00736264","22( 4,18)-22( 4,19)",-7.5811,,1073.74413,1074.09748,CDMS
502,NH3 v=0,Ammonia,"0.007370098099999999, 0.0073701",14( 4)0a-14( 4)0s,-9.38,,2874.32685,2874.68056,JPL
503,CH3OH vt = 0-2,Methanol,"0.007439732, 0.00743973",38( 1) -37( 4) E1 vt=2,-12.9958,,2506.65585,2507.0129,JPL
504,CH3OH vt = 0-2,Methanol,"0.007472862999999999, 0.00747286",12( 1) - -12( 1) + vt=1,-9.1129,,505.60345,505.96209,JPL
505,NH3 v=0,Ammonia,"0.0075388489, 0.00753885",20(13)0a-20(13)0s,-11.6108,,5016.9456,5017.30741,JPL
506,NH3 v=0,Ammonia,"0.0076180744, 0.00761807",16( 8)0a-16( 8)0s,-9.7104,,3495.27926,3495.64487,JPL
507,CH3OH vt = 0-2,Methanol,"0.007682288999999999, 0.00768229",12( 4) - -13( 3) - vt=0,-7.2361,,260.99263,261.36132,JPL
508,NH3 v=0,Ammonia,"0.0076910303, 0.00769103",13( 1)0a-13( 1)0s,-10.0593,,2560.06856,2560.43766,JPL
509,CH3OH vt = 0-2,Methanol,"0.007707769, 0.00770777",16( 4) -15( 2) E1 vt=1,-11.0483,,677.64565,678.01556,JPL
510,CH3OH vt = 0-2,Methanol,"0.007712082000000001, 0.00771208",29( 5) + -29( 9) + vt=1 - vt=0,-10.2991,,1425.24136,1425.61148,JPL
511,CH3OH vt = 0-2,Methanol,"0.007712224, 0.00771222",29( 5) - -29( 9) - vt=1 - vt=0,-10.2991,,1425.24136,1425.61148,JPL
512,CH3OH vt = 0-2,Methanol,"0.007712302, 0.0077123",27( 5) + -27( 9) + vt=1 - vt=0,-10.3009,,1293.64438,1294.01451,JPL
513,CH3OH vt = 0-2,Methanol,"0.007712375, 0.00771238",27( 5) - -27( 9) - vt=1 - vt=0,-10.3009,,1293.64438,1294.01452,JPL
514,CH3OH vt = 0-2,Methanol,"0.007739894, 0.00773989",22(-5) -23(-6) E2 vt=1,-8.0199,,1131.35703,1131.72849,JPL
515,HDO,Water,"0.007741442299999999, 0.00774144","13( 6, 7)-13( 6, 8)",-9.3006,,2817.28946,2817.66099,JPL
516,NH3 v=0,Ammonia,"0.007790264, 0.00779026",19(12)0a-19(-12)0s,-10.707,,4590.21444,4590.58831,JPL
517,CH3OH vt = 0-2,Methanol,"0.00783089, 0.00783089",12( 4) + -13( 3) + vt=0,-7.2195,,260.98544,261.36126,JPL
518,H2CO,Formaldehyde,"0.007833287, 0.00783329","31( 5,26)-31( 5,27)",-8.3918,,2028.92739,2029.30333,CDMS
519,CH3OH vt = 0-2,Methanol,"0.007877573, 0.00787757",27(17) -26(16) E1 vt=2,-11.196,,2820.99083,2821.3689,JPL
520,H2CO,Formaldehyde,"0.007892034, 0.00789203","14( 3,11)-14( 3,12)",-6.2283,,473.41791,473.79666,CDMS
521,NH3 v=0,Ammonia,"0.0078944538, 0.00789445",13( 2)0a-13( 2)0s,-9.4133,,2545.11975,2545.49862,JPL
522,CH3OH vt = 0-2,Methanol,"0.007919596999999999, 0.0079196",39( 2) -39( 1) E1 vt=0,-10.0222,,1825.04352,1825.42359,JPL
523,NH3 v=0,Ammonia,"0.007969319999999998, 0.00796932",14( 5)0a-14( 5)0s,-9.0545,,2829.60374,2829.9862,JPL
524,H2O v=0,Water,"0.008006580499999999, 0.00800658","22( 4,18)-21( 7,15)",-18.6204,,8948.65652,8949.04078,JPL
525,H2CO,Formaldehyde,"0.0080382119, 0.00803821","50( 7,43)-50( 7,44)",-12.6282,,5021.96734,5022.35311,CDMS
526,CH3OH vt = 0-2,Methanol,"0.008052175, 0.00805218",32( 2) - -32( 2) + vt=1,-10.0078,,1517.69519,1518.08163,JPL
527,NH3 v=0,Ammonia,"0.00808448, 0.00808448",18(11)0a-18(11)0s,-10.4311,,4180.23688,4180.62487,JPL
528,CH3OH vt = 0-2,Methanol,"0.008093109999999999, 0.00809311",30( 4) -31( 1) E1 vt=1,-10.9135,,1436.96301,1437.35141,JPL
529,NH3 v=0,Ammonia,"0.00815282, 0.00815282",15( 7)0a-15( 7)0s,-9.2042,,3126.50789,3126.89916,JPL
530,CH3OH vt = 0-2,Methanol,"0.008176405, 0.00817641",9( 1) - - 9( 1) + vt=2,-9.201,,786.63382,787.02622,JPL
531,CH3OH vt = 0-2,Methanol,"0.008254164, 0.00825416",37( 4) + -37( 4) - vt=0,-9.8873,,1709.44852,1709.84466,JPL
532,CH3OH vt = 0-2,Methanol,"0.00834159, 0.00834159",4( 1) - - 4( 1) + vt=0,-7.808,,37.5533,37.95363,JPL
533,NH3 v=0,Ammonia,"0.00842686, 0.00842686",17(10)0a-17(10)0s,-9.8813,,3787.09896,3787.50338,JPL
534,CH3OH vt = 0-2,Methanol,"0.008465756, 0.00846576",26( 3) - -26( 3) + vt=0,-8.6548,,863.57053,863.97682,JPL
535,CH3OH vt = 0-2,Methanol,"0.008467421, 0.00846742",6( 2) - 5(-1) E2 vt=1,-12.082,,448.10738,448.51375,JPL
536,CH3OH vt = 0-2,Methanol,"0.008511071, 0.00851107",38(a2) -37(a3) E1 vt=1,-11.0877,,2814.01856,2814.42703,JPL
537,CH3OH vt = 0-2,Methanol,"0.008523464, 0.00852346",29( 4) + -28( 1) + vt=2,-12.6248,,1618.45936,1618.86842,JPL
538,HDO,Water,"0.008577811999999997, 0.00857781","7( 4, 3)- 7( 4, 4)",-6.6413,,983.14487,983.55654,JPL
539,CH3OH vt = 0-2,Methanol,"0.008655609, 0.00865561",17( 2) + -17( 2) - vt=0,-8.3864,,392.49609,392.91149,JPL
540,CH3OH vt = 0-2,Methanol,"0.008710622, 0.00871062",13( 1) - -13( 1) + vt=1,-9.0716,,535.64494,536.06298,JPL
541,CH3OH vt = 0-2,Methanol,"0.008724144, 0.00872414",40(13) -39(14) E1 vt=2,-11.5692,,3315.15176,3315.57045,JPL
542,NH3 v=0,Ammonia,"0.008762876, 0.00876288",13( 4)0a-13( 4)0s,-8.6353,,2485.13101,2485.55156,JPL
543,NH3 v=0,Ammonia,"0.008766965, 0.00876697",14( 6)0a-14(-6)0s,-8.4341,,2774.70694,2775.12769,JPL
544,NH3 v=0,Ammonia,"0.00882418, 0.00882418",16( 9)0a-16(-9)0s,-9.0588,,3410.88023,3411.30372,JPL
545,HDO,Water,"0.008837209999999998, 0.00883721","10( 5, 5)-10( 5, 6)",-7.7314,,1782.33842,1782.76253,JPL
546,CH3OH vt = 0-2,Methanol,"0.008845018, 0.00884502",15( 5) -14( 7) E1 vt=2,-13.2623,,1121.45974,1121.88423,JPL
547,CH3OH vt = 0-2,Methanol,"0.008856425, 0.00885642",26( 4) - -27( 5) - vt=1,-8.2892,,1294.01558,1294.44062,JPL
548,CH3OH vt = 0-2,Methanol,"0.008859549000000001, 0.00885955",26( 4) + -27( 5) + vt=1,-8.2889,,1294.01558,1294.44077,JPL
549,H2CO,Formaldehyde,"0.00888482, 0.00888482","7( 2, 5)- 7( 2, 6)",-6.1875,,144.92515,145.35155,CDMS
550,NH3 v=0,Ammonia,"0.0090330197, 0.00903302",12( 1)0a-12( 1)0s,-9.3624,,2197.92099,2198.3545,JPL
551,CH3OH vt = 0-2,Methanol,"0.00906978, 0.00906978",33( 2) - -33( 2) + vt=1,-10.0177,,1593.65355,1594.08882,JPL
552,CH3OH vt = 0-2,Methanol,"0.009232620999999998, 0.00923262",39( 9) - -38(10) - vt=0,-10.6274,,2218.77839,2219.22148,JPL
553,CH3OH vt = 0-2,Methanol,"0.009234735, 0.00923474",39( 9) + -38(10) + vt=0,-10.6272,,2218.77839,2219.22158,JPL
554,NH3 v=0,Ammonia,"0.009265240499999999, 0.00926524",24(18)0a-24(-18)0s,-13.4094,,6719.51019,6719.95485,JPL
555,NH3 v=0,Ammonia,"0.0092722, 0.0092722",12( 2)0a-12( 2)0s,-8.7162,,2182.82471,2183.2697,JPL
556,NH3 v=0,Ammonia,"0.0092747067, 0.00927471",23(17)0a-23(17)0s,-13.0366,,6235.96422,6236.40933,JPL
557,NH3 v=0,Ammonia,"0.0092833063, 0.00928331",25(19)0a-25(19)0s,-14.4068,,7219.27713,7219.72266,JPL
558,NH3 v=0,Ammonia,"0.00928365, 0.00928365",15( 8)0a-15( 8)0s,-8.8687,,3051.65495,3052.10049,JPL
559,CH3OH vt = 0-2,Methanol,"0.009311268, 0.00931127",33( 2) -33( 1) E1 vt=0,-8.6186,,1320.67597,1321.12284,JPL
560,NH3 v=0,Ammonia,"0.0093153246, 0.00931532",22(16)0a-22(16)0s,-12.3855,,5768.78294,5769.23,JPL
561,NH3 v=0,Ammonia,"0.0093246702, 0.00932467",26(20)0a-26(20)0s,-15.1252,,7735.10606,7735.55357,JPL
562,NH3 v=0,Ammonia,"0.009384633799999998, 0.00938463",27(21)0a-27(-21)0s,-15.5643,,8266.82546,8267.27585,JPL
563,NH3 v=0,Ammonia,"0.0093902956, 0.0093903",21(15)0a-21(-15)0s,-11.4567,,5318.096,5318.54666,JPL
564,CH3OH vt = 0-2,Methanol,"0.009400853999999998, 0.00940085",6( 2) - 7(-1) E2 vt=0,-10.1371,,70.55002,71.00119,JPL
565,NH3 v=0,Ammonia,"0.009459049999999998, 0.00945905",28(22)0a-28(22)0s,-16.6269,,8814.25722,8814.71118,JPL
566,NH3 v=0,Ammonia,"0.009476074, 0.00947607",13( 5)0a-13( 5)0s,-8.3093,,2439.93425,2440.38903,JPL
567,NH3 v=0,Ammonia,"0.0095026908, 0.00950269",20(14)0a-20(14)0s,-11.1539,,4884.01978,4884.47583,JPL
568,NH3 v=0,Ammonia,"0.009547172699999999, 0.00954717",29(23)0a-29(23)0s,-17.4095,,9377.22927,9377.68746,JPL
569,H2CO,Formaldehyde,"0.0096002629, 0.00960026","41( 6,35)-41( 6,36)",-10.6921,,3431.16557,3431.62631,CDMS
570,NH3 v=0,Ammonia,"0.0096557206, 0.00965572",19(13)0a-19(13)0s,-10.5745,,4466.66047,4467.12387,JPL
571,NH3 v=0,Ammonia,"0.0096580133, 0.00965801",30(24)0a-30(-24)0s,-17.9109,,9955.59356,9956.05707,JPL
572,NH3 v=0,Ammonia,"0.00967085, 0.00967085",14( 3)0a-14(-3)0s,-9.1422,,2908.92838,2909.3925,JPL
573,CH3OH vt = 0-2,Methanol,"0.00973524, 0.00973524",21( 9) - -20( 6) + vt=0 - vt=1,-10.0557,,953.12525,953.59246,JPL
574,CH3OH vt = 0-2,Methanol,"0.009735258, 0.00973526",21( 9) + -20( 6) - vt=0 - vt=1,-10.0557,,953.12525,953.59246,JPL
575,CH3OH vt = 0-2,Methanol,"0.009757080999999999, 0.00975708",33(19) + -34(20) - vt=2 - vt=1,-12.0136,,3632.48657,3632.95484,JPL
576,CH3OH vt = 0-2,Methanol,"0.009796308, 0.00979631",26( 5) + -26( 9) + vt=1 - vt=0,-10.3152,,1231.23635,1231.7065,JPL
577,CH3OH vt = 0-2,Methanol,"0.009796359, 0.00979636",26( 5) - -26( 9) - vt=1 - vt=0,-10.3152,,1231.23635,1231.7065,JPL
578,NH3 v=0,Ammonia,"0.009814368, 0.00981437",14( 7)0a-14( 7)0s,-8.4105,,2709.4913,2709.96231,JPL
579,NH3 v=0,Ammonia,"0.0098228109, 0.00982281",31(25)0a-31(25)0s,-19.0318,,10549.24878,10549.7202,JPL
580,CH3OH vt = 0-2,Methanol,"0.009838149, 0.00983815",22(a3) -23(a0) E1 vt=0 - vt=1,-12.5548,,1426.14634,1426.6185,JPL
581,NH3 v=0,Ammonia,"0.009853069999999998, 0.00985307",18(12)0a-18(-12)0s,-9.7191,,4066.11505,4066.58792,JPL
582,CH3OH vt = 0-2,Methanol,"0.009905984, 0.00990598",40( 2) -40( 1) E1 vt=0,-10.0218,,1916.93623,1917.41164,JPL
583,CH3OH vt = 0-2,Methanol,"0.009936142, 0.00993614",9(-1) - 8(-2) E2 vt=0,-6.874,,109.49317,109.97003,JPL
584,CH3OH vt = 0-2,Methanol,"0.009978721, 0.00997872",4( 3) + - 5( 2) + vt=0,-7.506,,72.53264,73.01154,JPL
585,CH3OH vt = 0-2,Methanol,"0.009988956, 0.00998896",10( 1) - -10( 1) + vt=2,-9.0966,,809.70591,810.1853,JPL
586,CH3OH vt = 0-2,Methanol,"0.010010289, 0.01001029",38( 4) + -38( 4) - vt=0,-9.8553,,1797.32708,1797.80749,JPL
587,CH3OH vt = 0-2,Methanol,"0.010041024999999999, 0.01004102",14( 1) - -14( 1) + vt=1,-9.042,,567.99134,568.47323,JPL
588,CH3OH vt = 0-2,Methanol,"0.010058298, 0.0100583",4( 3) - - 5( 2) - vt=0,-7.4991,,72.52977,73.01249,JPL
589,NH3 v=0,Ammonia,"0.010098385, 0.01009839",17(11)0a-17(11)0s,-9.4918,,3682.47371,3682.95836,JPL
590,NH3 v=0,Ammonia,"0.0101169834, 0.01011698",32(26)0a-32(26)0s,-19.864,,11158.16014,11158.64568,JPL
591,CH3OH vt = 0-2,Methanol,"0.010178191, 0.01017819",34( 2) - -34( 2) + vt=1,-10.0338,,1671.88515,1672.37363,JPL
592,CH3OH vt = 0-2,Methanol,"0.010197245999999998, 0.01019725",30( 9) - -30( 5) - vt=0 - vt=1,-10.3107,,1494.41592,1494.9053,JPL
593,CH3OH vt = 0-2,Methanol,"0.010197442, 0.01019744",30( 9) + -30( 5) + vt=0 - vt=1,-10.3107,,1494.41592,1494.90531,JPL
594,HDO,Water,"0.0102782455, 0.01027825","2( 2, 0)- 2( 2, 1)",-5.3889,0.032,156.7196,157.21288,JPL
595,NH3 v=0,Ammonia,"0.010293658999999998, 0.01029366",12( 4)0a-12( 4)0s,-7.9375,,2122.24104,2122.73505,JPL
596,H2CO,Formaldehyde,"0.01036652, 0.01036652","23( 4,19)-23( 4,20)",-7.4221,,1154.34395,1154.84146,CDMS
597,NH3 v=0,Ammonia,"0.010397149999999999, 0.01039715",16(10)0a-16(10)0s,-8.9903,,3315.81992,3316.3189,JPL
598,CH3OH vt = 0-2,Methanol,"0.010418862, 0.01041886",11( 3) - -10( 1) - vt=2,-14.1912,,810.18646,810.68648,JPL
599,H2CO,Formaldehyde,"0.010421536, 0.01042154","51( 7,44)-51( 7,45)",-12.6714,,5199.68663,5200.18678,CDMS
600,NH3 v=0,Ammonia,"0.010426949, 0.01042695",13( 6)0a-13(-6)0s,-7.6881,,2384.45173,2384.95215,JPL
601,NH3 v=0,Ammonia,"0.0104659783, 0.01046598",16( 3)0a-16(-3)0s,-10.3714,,3764.10743,3764.60972,JPL
602,NH3 v=0,Ammonia,"0.010481783, 0.01048178",11( 1)0a-11( 1)0s,-8.7121,,1862.34575,1862.84879,JPL
603,CH3OH vt = 0-2,Methanol,"0.010527446, 0.01052745",27( 3) - -27( 3) + vt=0,-8.5647,,926.06776,926.573,JPL
604,NH3 v=0,Ammonia,"0.010536183, 0.01053618",11( 3)0a-11(-3)0s,-7.3948,,1821.68831,1822.19396,JPL
605,CH3OH vt = 0-2,Methanol,"0.010576774999999998, 0.01057677",33(19) -34(20) E1 vt=1 - vt=0,-11.3629,,3355.41426,3355.92186,JPL
606,H2CO,Formaldehyde,"0.010608668, 0.01060867","32( 5,27)-32( 5,28)",-8.307,,2140.98575,2141.49488,CDMS
607,CH3OH vt = 0-2,Methanol,"0.010629241, 0.01062924",29(a3) -28(a4) E1 vt=1,-9.2254,,2197.40692,2197.91704,JPL
608,NH3 v=0,Ammonia,"0.01075453, 0.01075453",15( 9)0a-15(-9)0s,-8.2161,,2966.23165,2966.74779,JPL
609,NH3 v=0,Ammonia,"0.010759771, 0.01075977",11( 2)0a-11( 2)0s,-8.0658,,1847.10991,1847.62629,JPL
610,CH3OH vt = 0-2,Methanol,"0.010782535999999999, 0.01078254",18( 2) + -18( 2) - vt=0,-8.2948,,434.17866,434.69613,JPL
611,CH3OH vt = 0-2,Methanol,"0.010820673, 0.01082067",33(a3) -32(a6) E1 vt=1 - vt=0,-11.9003,,2487.23391,2487.75322,JPL
612,NH3 v=0,Ammonia,"0.010836127, 0.01083613",12( 3)0a-12(-3)0s,-7.8918,,2157.59331,2158.11336,JPL
613,CH3OH vt = 0-2,Methanol,"0.011013434, 0.01101343",35(18) -36(15) E1 vt=1 - vt=2,-15.0345,,3411.88449,3412.41305,JPL
614,CH3OH vt = 0-2,Methanol,"0.011050554, 0.01105055",14( 3) -15( 2) E1 vt=2,-8.3353,,863.66549,864.19583,JPL
615,NH3 v=0,Ammonia,"0.011132722, 0.01113272",12( 5)0a-12( 5)0s,-7.6109,,2076.59222,2077.1265,JPL
616,NH3 v=0,Ammonia,"0.011177267999999997, 0.01117727",14( 8)0a-14( 8)0s,-8.0741,,2633.7807,2634.31712,JPL
617,CH3OH vt = 0-2,Methanol,"0.011222807, 0.01122281",16(11) + -17(14) - vt=1 - vt=0,-11.7018,,1330.50851,1331.04712,JPL
618,CH3OH vt = 0-2,Methanol,"0.011344855, 0.01134486",25(-8) -26(a1) E2 vt=1 - vt=0,-12.6883,,1425.96218,1426.50664,JPL
619,H2CO,Formaldehyde,"0.011345861, 0.01134586","32( 2,30)-31( 4,27)",-10.0674,,1930.03162,1930.57613,CDMS
620,CH3OH vt = 0-2,Methanol,"0.011362456, 0.01136246",18(-2) -17(-4) E2 vt=1,-10.8537,,759.52741,760.07272,JPL
621,CH3OH vt = 0-2,Methanol,"0.011382091, 0.01138209",35( 2) - -35( 2) + vt=1,-10.056,,1752.38714,1752.93339,JPL
622,CH3OH vt = 0-2,Methanol,"0.011397649, 0.01139765",32(17) -33(14) E1 vt=0 - vt=1,-11.3331,,2649.01913,2649.56613,JPL
623,CH3OH vt = 0-2,Methanol,"0.011461154, 0.01146115",33(-9) -34(a2) E2 vt=1 - vt=0,-10.8954,,2089.21439,2089.76444,JPL
624,CH3OH vt = 0-2,Methanol,"0.011463452, 0.01146345",15( 1) - -15( 1) + vt=1,-9.0232,,602.64408,603.19424,JPL
625,HDO,Water,"0.0116178863, 0.01161789","6( 2, 4)- 7( 0, 7)",-8.0816,,580.05599,580.61355,JPL
626,NH3 v=0,Ammonia,"0.011673171, 0.01167317",13( 7)0a-13( 7)0s,-7.6638,,2318.5334,2319.09362,JPL
627,CH3OH vt = 0-2,Methanol,"0.011750628, 0.01175063",19(16) + -20(15) + vt=1,-9.7767,,2009.73393,2010.29787,JPL
628,H2CO,Formaldehyde,"0.011753122, 0.01175312","15( 3,12)-15( 3,13)",-5.99,,525.94965,526.51371,CDMS
629,CH3OH vt = 0-2,Methanol,"0.011842485, 0.01184249",32( 2) -32( 1) E1 vt=0,-8.1929,,1244.47878,1245.04713,JPL
630,NH3 v=0,Ammonia,"0.011947244, 0.01194724",11( 4)0a-11( 4)0s,-7.2863,,1785.96253,1786.5359,JPL
631,CH3OH vt = 0-2,Methanol,"0.011964007, 0.01196401",33(16) -34(13) E1 vt=0 - vt=1,-14.1763,,2573.37012,2573.94429,JPL
632,CH3OH vt = 0-2,Methanol,"0.011980899, 0.0119809",11( 1) - -11( 1) + vt=2,-9.0068,,835.08579,835.66078,JPL
633,NH3 v=0,Ammonia,"0.012017172, 0.01201717",10( 1)0a-10( 1)0s,-8.1083,,1553.6306,1554.20733,JPL
634,CH3OH vt = 0-2,Methanol,"0.012058717, 0.01205872",39( 4) + -39( 4) - vt=0,-9.8321,,1887.49615,1888.07487,JPL
635,NH3 v=0,Ammonia,"0.01216854, 0.01216854",19(14)0a-19(14)0s,-10.116,,4331.72886,4332.31286,JPL
636,NH3 v=0,Ammonia,"0.0121766541, 0.01217665",20(15)0a-20(-15)0s,-10.3702,,4739.53359,4740.11798,JPL
637,CH3OH vt = 0-2,Methanol,"0.012178584000000001, 0.01217858",2( 0) - 3(-1) E2 vt=0,-6.7128,,19.50539,20.08986,JPL
638,NH3 v=0,Ammonia,"0.012211809999999998, 0.01221181",18(13)0a-18(13)0s,-9.5851,,3940.78175,3941.36782,JPL
639,CH3OH vt = 0-2,Methanol,"0.012229347999999998, 0.01222935",16( 5) -17( 4) E1 vt=0,-7.0006,,450.96333,451.55025,JPL
640,NH3 v=0,Ammonia,"0.012234400299999998, 0.0122344",21(16)0a-21(16)0s,-11.2505,,5164.0925,5164.67966,JPL
641,NH3 v=0,Ammonia,"0.0122505264, 0.01225053",19(-3)0s-19( 3)0a,-12.4572,,5235.79814,5236.38607,JPL
642,NH3 v=0,Ammonia,"0.01225133, 0.01225133",12( 6)0a-12(-6)0s,-6.9891,,2020.55016,2021.13813,JPL
643,NH3 v=0,Ammonia,"0.012308478, 0.01230848",17(12)0a-17(-12)0s,-8.7783,,3566.78736,3567.37807,JPL
644,CH3OH vt = 0-2,Methanol,"0.012329666, 0.01232967",25( 5) + -25( 9) + vt=1 - vt=0,-10.339,,1171.11165,1171.70338,JPL
645,CH3OH vt = 0-2,Methanol,"0.012329700999999998, 0.0123297",25( 5) - -25( 9) - vt=1 - vt=0,-10.339,,1171.11165,1171.70338,JPL
646,NH3 v=0,Ammonia,"0.012336462, 0.01233646",10( 2)0a-10( 2)0s,-7.4617,,1538.26369,1538.85574,JPL
647,NH3 v=0,Ammonia,"0.0123404452, 0.01234045",22(17)0a-22(17)0s,-11.853,,5605.29105,5605.8833,JPL
648,NH3 v=0,Ammonia,"0.012461466, 0.01246147",16(11)0a-16(11)0s,-8.5994,,3209.83332,3210.43137,JPL
649,H2O v=0,Water,"0.0124782535, 0.01247825","15( 7, 9)-16( 4,12)",-13.1006,,5213.79671,5214.39556,JPL
650,NH3 v=0,Ammonia,"0.0124935069, 0.01249351",23(18)0a-23(-18)0s,-12.1776,,6063.0025,6063.60209,JPL
651,CH3OH vt = 0-2,Methanol,"0.012511159, 0.01251116",5( 1) - - 5( 1) + vt=0,-7.5636,,49.05913,49.65957,JPL
652,H2CO,Formaldehyde,"0.012610781, 0.01261078","42( 6,36)-42( 6,37)",-10.6812,,3577.96357,3578.56879,CDMS
653,CH3OH vt = 0-2,Methanol,"0.01263313, 0.01263313",26(16) + -25(15) - vt=1 - vt=2,-9.3556,,2379.591,2380.19729,JPL
654,NH3 v=0,Ammonia,"0.012674209999999998, 0.01267421",15(10)0a-15(10)0s,-8.1463,,2870.00091,2870.60917,JPL
655,CH3OH vt = 0-2,Methanol,"0.01268618, 0.01268618",36( 2) - -36( 2) + vt=1,-10.0842,,1835.16669,1835.77553,JPL
656,NH3 v=0,Ammonia,"0.0126920369, 0.01269204",24(19)0a-24(19)0s,-13.1267,,6537.08541,6537.69452,JPL
657,CH3OH vt = 0-2,Methanol,"0.012710464, 0.01271046",33(19) + -32(17) - vt=1 - vt=2,-11.5315,,3449.08961,3449.69961,JPL
658,CH3OH vt = 0-2,Methanol,"0.012710464, 0.01271046",33(18) + -32(17) + vt=2,-11.5315,,3449.08961,3449.69961,JPL
659,CH3OH vt = 0-2,Methanol,"0.012768727999999998, 0.01276873",25(12) -24( 9) E1 vt=1 - vt=2,-10.2828,,1745.44796,1746.06075,JPL
660,NH3 v=0,Ammonia,"0.01292304, 0.01292304",11( 5)0a-11( 5)0s,-6.9592,,1739.88524,1740.50545,JPL
661,NH3 v=0,Ammonia,"0.012933815, 0.01293382",25(20)0a-25(20)0s,-13.7971,,7027.38309,7028.00381,JPL
662,NH3 v=0,Ammonia,"0.012951048, 0.01295105",14( 9)0a-14(-9)0s,-7.4203,,2547.36567,2547.98722,JPL
663,CH3OH vt = 0-2,Methanol,"0.012977227999999999, 0.01297723",16( 1) - -16( 1) + vt=1,-9.0143,,639.60029,640.2231,JPL
664,CH3OH vt = 0-2,Methanol,"0.012977843, 0.01297784",28( 3) - -28( 3) + vt=0,-8.4852,,990.86415,991.48698,JPL
665,CH3OH vt = 0-2,Methanol,"0.013104789, 0.01310479",30(-6) -31(-9) E2 vt=2 - vt=1,-13.15,,1940.23133,1940.86026,JPL
666,CH3OH vt = 0-2,Methanol,"0.013170998, 0.013171",30(a0) -31(a2) E1 vt=1 - vt=0,-11.7313,,1861.04295,1861.67505,JPL
667,NH3 v=0,Ammonia,"0.013215570999999999, 0.01321557",26(21)0a-26(-21)0s,-14.1883,,7533.72679,7534.36103,JPL
668,CH3OH vt = 0-2,Methanol,"0.013267462, 0.01326746",19( 2) + -19( 2) - vt=0,-8.217,,478.16325,478.79999,JPL
669,NH3 v=0,Ammonia,"0.013296342, 0.01329634",10( 3)0a-10(-3)0s,-6.7072,,1512.59634,1513.23446,JPL
670,NH3 v=0,Ammonia,"0.013297265999999999, 0.01329727",13( 8)0a-13( 8)0s,-7.3263,,2241.99738,2242.63554,JPL
671,H2CO,Formaldehyde,"0.013425293199999999, 0.01342529","52( 7,45)-52( 7,46)",-12.7253,,5380.87264,5381.51695,CDMS
672,CH3OH vt = 0-2,Methanol,"0.013432767, 0.01343277",39(-2) -38( 0) E2 vt=2,-14.8213,,2442.71266,2443.35732,JPL
673,CH3OH vt = 0-2,Methanol,"0.013463902999999998, 0.0134639",32( 6) -33( 3) E1 vt=2,-13.2761,,1916.14347,1916.78963,JPL
674,NH3 v=0,Ammonia,"0.013532858299999999, 0.01353286",27(22)0a-27(22)0s,-15.2033,,8055.94125,8056.59072,JPL
675,CH3OH vt = 0-2,Methanol,"0.013570507999999998, 0.01357051",31( 5) + -31( 9) + vt=1 - vt=0,-10.3303,,1565.85797,1566.50925,JPL
676,CH3OH vt = 0-2,Methanol,"0.013570774, 0.01357077",31( 5) - -31( 9) - vt=1 - vt=0,-10.3303,,1565.85797,1566.50926,JPL
677,NH3 v=0,Ammonia,"0.013612146, 0.01361215",9( 1)0a- 9( 1)0s,-7.5503,,1272.04731,1272.70059,JPL
678,NH3 v=0,Ammonia,"0.013700882999999999, 0.01370088",10( 4)0a-10( 4)0s,-6.6815,,1476.58684,1477.24437,JPL
679,NH3 v=0,Ammonia,"0.01371923, 0.01371923",12( 7)0a-12( 7)0s,-6.9638,,1953.96035,1954.61877,JPL
680,CH3OH vt = 0-2,Methanol,"0.013775692999999999, 0.01377569",16(-3) -17( 2) E2 vt=0,-8.1377,,377.61347,378.27459,JPL
681,CH3OH vt = 0-2,Methanol,"0.013836102999999997, 0.0138361",17( 4) + -18( 2) + vt=0,-10.0447,,434.69661,435.36064,JPL
682,NH3 v=0,Ammonia,"0.0138806438, 0.01388064",28(23)0a-28(23)0s,-15.9388,,8593.85671,8594.52288,JPL
683,CH3OH vt = 0-2,Methanol,"0.013970758, 0.01397076",34(-9) -35(-8) E2 vt=0,-8.4314,,1778.75977,1779.43025,JPL
684,HDO,Water,"0.0139715772, 0.01397158","17( 7,10)-17( 7,11)",-11.1538,,4458.23116,4458.90168,JPL
685,NH3 v=0,Ammonia,"0.013974605, 0.01397461",9( 2)0a- 9( 2)0s,-6.9036,,1256.55854,1257.22921,JPL
686,NH3 v=0,Ammonia,"0.0139975989, 0.0139976",18( 3)0a-18(-3)0s,-11.5636,,4720.45193,4721.1237,JPL
687,CH3OH vt = 0-2,Methanol,"0.014046286, 0.01404629",28(11) -27(14) E1 vt=1 - vt=0,-11.5501,,1845.74452,1846.41863,JPL
688,CH3OH vt = 0-2,Methanol,"0.014095167999999998, 0.01409517",37( 2) - -37( 2) + vt=1,-10.1183,,1920.20367,1920.88013,JPL
689,CH3OH vt = 0-2,Methanol,"0.014151702999999998, 0.0141517",12( 1) - -12( 1) + vt=2,-8.9296,,862.76914,863.44831,JPL
690,CH3OH vt = 0-2,Methanol,"0.014209738, 0.01420974",33(15) + -34(17) - vt=1 - vt=0,-12.0155,,2816.9594,2817.64136,JPL
691,H2CO,Formaldehyde,"0.014211795, 0.0142118","33( 5,28)-33( 5,29)",-8.2367,,2256.55412,2257.23617,CDMS
692,NH3 v=0,Ammonia,"0.014224647, 0.01422465",11( 6)0a-11(-6)0s,-6.3366,,1683.31286,1683.99553,JPL
693,CH3OH vt = 0-2,Methanol,"0.014229942, 0.01422994",37( 5) + -38( 3) + vt=0,-11.5773,,1764.67422,1765.35715,JPL
694,NH3 v=0,Ammonia,"0.0142554504, 0.01425545",29(24)0a-29(-24)0s,-16.3946,,9147.32699,9148.01114,JPL
695,CH3OH vt = 0-2,Methanol,"0.014281862999999999, 0.01428186",23(16) -22(19) E1 vt=2 - vt=1,-13.4492,,2647.71417,2648.39959,JPL
696,CH3OH vt = 0-2,Methanol,"0.01431767, 0.01431767",31( 6) -30( 7) E1 vt=0,-7.7965,,1326.87418,1327.56132,JPL
697,H2CO,Formaldehyde,"0.014360927, 0.01436093","24( 4,20)-24( 4,21)",-7.2819,,1238.45796,1239.14718,CDMS
698,NH3 v=0,Ammonia,"0.014376816999999997, 0.01437682",9( 3)0a- 9(-3)0s,-6.1893,,1230.70171,1231.39168,JPL
699,CH3OH vt = 0-2,Methanol,"0.014408125, 0.01440813",31( 2) -31( 1) E1 vt=0,-7.8298,,1170.55197,1171.24344,JPL
700,CH3OH vt = 0-2,Methanol,"0.014412674999999998, 0.01441267",20(13) + -21(10) - vt=0 - vt=1,-12.173,,1339.51233,1340.20402,JPL
701,CH3OH vt = 0-2,Methanol,"0.014432474, 0.01443247",40( 4) + -40( 4) - vt=0,-9.8178,,1979.95142,1980.64407,JPL
702,CH3OH vt = 0-2,Methanol,"0.014446908, 0.01444691",32( 8) -31( 9) E1 vt=0,-8.1513,,1556.6441,1557.33744,JPL
703,CH3OH vt = 0-2,Methanol,"0.014455345999999999, 0.01445535",19(-1) -18( 3) E2 vt=0,-12.2386,,444.67016,445.3639,JPL
704,H2CO,Formaldehyde,"0.0144884589, 0.01448846","2( 1, 1)- 2( 1, 2), F= 1- 1",-6.0373,,21.92237,22.61771,CDMS
705,H2CO,Formaldehyde,"0.0144884717, 0.01448847","2( 1, 1)- 2( 1, 2), F= 1- 2",-6.5144,,21.92237,22.61771,CDMS
706,H2CO,Formaldehyde,"0.0144884772, 0.01448848","2( 1, 1)- 2( 1, 2), F= 2- 1",-6.5144,,21.92237,22.61771,CDMS
707,H2CO,Formaldehyde,"0.014488479, 0.01448848","2( 1, 1)- 2( 1, 2)",-5.2134,,21.92237,22.61771,CDMS
708,H2CO,Formaldehyde,"0.014488479499999997, 0.01448848","2( 1, 1)- 2( 1, 2), F= 3- 2",-6.4986,,21.92237,22.61771,CDMS
709,H2CO,Formaldehyde,"0.0144884797, 0.01448848","2( 1, 1)- 2( 1, 2), F= 3- 3",-5.5955,,21.92237,22.61771,CDMS
710,H2CO,Formaldehyde,"0.01448849, 0.01448849","2( 1, 1)- 2( 1, 2), F= 2- 2",-5.8489,,21.92237,22.61771,CDMS
711,H2CO,Formaldehyde,"0.0144884901, 0.01448849","2( 1, 1)- 2( 1, 2), F= 2- 3",-6.4986,,21.92237,22.61771,CDMS
712,CH3OH vt = 0-2,Methanol,"0.01454143, 0.01454143",37(a7) -38(a6) E1 vt=1,-12.0435,,3390.70006,3391.39794,JPL
713,CH3OH vt = 0-2,Methanol,"0.01454143, 0.01454143",37(a6) -38(a6) E1 vt=2 - vt=1,-12.0435,,3390.70006,3391.39794,JPL
714,CH3OH vt = 0-2,Methanol,"0.014572111, 0.01457211",28(11) -29(13) E1 vt=1 - vt=0,-11.2127,,1845.72006,1846.41941,JPL
715,CH3OH vt = 0-2,Methanol,"0.014581614, 0.01458161",17( 1) - -17( 1) + vt=1,-9.0148,,678.85853,679.55834,JPL
716,NH3 v=0,Ammonia,"0.0146604428, 0.01466044",30(25)0a-30(25)0s,-17.4736,,9716.24979,9716.95337,JPL
717,H2CO,Formaldehyde,"0.014726637000000002, 0.01472664","8( 2, 6)- 8( 2, 7)",-5.8463,,172.83798,173.54475,CDMS
718,NH3 v=0,Ammonia,"0.014822527, 0.01482253",10( 5)0a-10( 5)0s,-6.3537,,1430.10699,1430.81835,JPL
719,CH3OH vt = 0-2,Methanol,"0.014905246999999996, 0.01490525",14( 3) -15( 0) E1 vt=0,-8.4209,,290.73918,291.45451,JPL
720,CH3OH vt = 0-2,Methanol,"0.014982362, 0.01498236",24( 5) + -24( 9) + vt=1 - vt=0,-10.3729,,1113.28034,1113.99938,JPL
721,CH3OH vt = 0-2,Methanol,"0.014982385, 0.01498239",24( 5) - -24( 9) - vt=1 - vt=0,-10.3729,,1113.28034,1113.99938,JPL
722,CH3OH vt = 0-2,Methanol,"0.015035484, 0.01503548",26(a8) -27(a9) E1 vt=2,-9.9766,,3275.11083,3275.83241,JPL
723,NH3 v=0,Ammonia,"0.015115539699999996, 0.01511554",31(26)0a-31(26)0s,-18.2718,,10300.58107,10301.3065,JPL
724,CH3OH vt = 0-2,Methanol,"0.015161339, 0.01516134",17(-8) -18(-5) E2 vt=1 - vt=2,-11.1358,,1028.48795,1029.21558,JPL
725,NH3 v=0,Ammonia,"0.015192782, 0.01519278",16(12)0a-16(-12)0s,-7.8843,,3092.61396,3093.34309,JPL
726,NH3 v=0,Ammonia,"0.01519539, 0.01519539",15(11)0a-15(11)0s,-7.7538,,2762.68732,2763.41658,JPL
727,CH3OH vt = 0-2,Methanol,"0.015214174, 0.01521417",25( 4) - -24( 5) - vt=0,-7.1007,,833.45279,834.18295,JPL
728,NH3 v=0,Ammonia,"0.0152316896, 0.01523169","8(1 )0a- 8(1 )0s, F=8 -7",-9.3838,,1018.98992,1019.72092,TopModel
729,NH3 v=0,Ammonia,"0.0152318618, 0.01523186","8(1 )0a- 8(1 )0s, F=8 -9",-9.3834,,1018.98992,1019.72093,TopModel
730,NH3 v=0,Ammonia,"0.015233229, 0.01523323","8(1 )0a- 8(1 )0s, F=7 -7",-7.5845,,1018.98992,1019.72099,TopModel
731,NH3 v=0,Ammonia,"0.015233229, 0.01523323","8(1 )0a- 8(1 )0s, F=8 -8",-7.5354,,1018.98992,1019.72099,TopModel
732,NH3 v=0,Ammonia,"0.015233229, 0.01523323","8(1 )0a- 8(1 )0s, F=9 -9",-7.4804,,1018.98992,1019.72099,TopModel
733,NH3 v=0,Ammonia,"0.015233229, 0.01523323",8( 1)0a- 8( 1)0s,-7.0377,,1017.84984,1018.58091,JPL
734,NH3 v=0,Ammonia,"0.015234596199999999, 0.0152346","8(1 )0a- 8(1 )0s, F=9 -8",-9.3834,,1018.98992,1019.72106,TopModel
735,NH3 v=0,Ammonia,"0.0152347684, 0.01523477","8(1 )0a- 8(1 )0s, F=7 -8",-9.3838,,1018.98992,1019.72107,TopModel
736,NH3 v=0,Ammonia,"0.015258388, 0.01525839",17(13)0a-17(13)0s,-8.6425,,3439.70179,3440.43407,JPL
737,NH3 v=0,Ammonia,"0.015267808, 0.01526781",14(10)0a-14(10)0s,-7.3491,,2450.00088,2450.73362,JPL
738,CH3OH vt = 0-2,Methanol,"0.015276356, 0.01527636",36(10) -37(11) E1 vt=2 - vt=1,-9.4449,,2529.62723,2530.36038,JPL
739,CH3OH vt = 0-2,Methanol,"0.015303139999999998, 0.01530314",31( 4) -32( 1) E1 vt=0,-8.9024,,1244.47878,1245.21321,JPL
740,CH3OH vt = 0-2,Methanol,"0.015303459999999998, 0.01530346",20(-1) -21(-2) E2 vt=1,-7.6514,,898.60886,899.34331,JPL
741,NH3 v=0,Ammonia,"0.0153914064, 0.01539141",18(14)0a-18(14)0s,-9.1248,,3803.8655,3804.60417,JPL
742,NH3 v=0,Ammonia,"0.015412486, 0.01541249",13( 9)0a-13(-9)0s,-6.6712,,2154.62772,2155.3674,JPL
743,NH3 v=0,Ammonia,"0.015523899999999998, 0.0155239",9( 4)0a- 9( 4)0s,-6.1226,,1194.38934,1195.13437,JPL
744,NH3 v=0,Ammonia,"0.015591870699999998, 0.01559187",19(15)0a-19(-15)0s,-9.3304,,4185.01244,4185.76073,JPL
745,CH3OH vt = 0-2,Methanol,"0.015612499, 0.0156125",35( 5) -36( 3) E1 vt=0,-12.5651,,1593.41903,1594.1683,JPL
746,CH3OH vt = 0-2,Methanol,"0.015613757, 0.01561376",38( 2) - -38( 2) + vt=1,-10.1582,,2007.50528,2008.25462,JPL
747,CH3OH vt = 0-2,Methanol,"0.015617322, 0.01561732",7(-1) - 6( 1) E2 vt=0,-10.5892,,69.80042,70.54993,JPL
748,NH3 v=0,Ammonia,"0.015632806, 0.01563281",12( 8)0a-12( 8)0s,-6.6252,,1876.6356,1877.38585,JPL
749,NH3 v=0,Ammonia,"0.015638420899999998, 0.01563842","8(2 )0a- 8(2 )0s, F=8 -7",-8.7363,,1003.38806,1004.13858,TopModel
750,NH3 v=0,Ammonia,"0.015638570799999998, 0.01563857","8(2 )0a- 8(2 )0s, F=8 -9",-8.7359,,1003.38806,1004.13858,TopModel