1,molecule,Formaldehyde,"4.0E-7, 4.0E-7","6( 5, 1)- 6( 5, 2)",-19.9242,,line_bottom,line_bottom2,CDMS
2,H2CO,Formaldehyde,"1.3E-6, 1.3E-6","11( 6, 5)-11( 6, 6)",-19.7989,,653.49362,653.49362,CDMS
3,H2CO,Formaldehyde,"2.2E-6, 2.2E-6","7( 5, 2)- 7( 5, 3)",-18.4665,,391.83814,391.83814,CDMS
4,H2CO,Formaldehyde,"2.6E-6, 2.6E-6","17( 7,10)-17( 7,11)",-19.4674,,1109.14532,1109.14532,CDMS
5,H2CO,Formaldehyde,"4.0E-6, 4.0E-6","12( 6, 6)-12( 6, 7)",-18.9425,,695.39847,695.39847,CDMS
6,H2CO,Formaldehyde,"5.0E-6, 5.0E-6","4( 4, 0)- 4( 4, 1)",-17.9758,,223.25287,223.25287,CDMS
7,H2CO,Formaldehyde,"5.8E-6, 5.8E-6","18( 7,11)-18( 7,12)",-18.8709,,1171.95606,1171.95606,CDMS
8,H2CO,Formaldehyde,"9.7E-6, 9.7E-6","8( 5, 3)- 8( 5, 4)",-17.2885,,419.78795,419.78795,CDMS
9,H2CO,Formaldehyde,"1.0800000000000002E-5, 1.08E-5","13( 6, 7)-13( 6, 8)",-18.1754,,740.79623,740.79623,CDMS
10,H2CO,Formaldehyde,"1.25E-5, 1.25E-5","19( 7,12)-19( 7,13)",-18.3197,,1238.25481,1238.25481,CDMS
11,H2CO,Formaldehyde,"1.65E-5, 1.65E-5","26( 8,18)-26( 8,19)",-19.6429,,1974.20037,1974.20038,CDMS
12,H2CO,Formaldehyde,"2.6E-5, 2.6E-5","20( 7,13)-20( 7,14)",-17.8094,,1308.04171,1308.04171,CDMS
13,H2CO,Formaldehyde,"2.71E-5, 2.71E-5","14( 6, 8)-14( 6, 9)",-17.4825,,789.68703,789.68703,CDMS
14,H2CO,Formaldehyde,"3.03E-5, 3.03E-5","27( 8,19)-27( 8,20)",-19.2673,,2068.29023,2068.29024,CDMS
15,H2CO,Formaldehyde,"3.39E-5, 3.39E-5","9( 5, 4)- 9( 5, 5)",-16.2951,,451.23296,451.23296,CDMS
16,H2CO,Formaldehyde,"4.46E-5, 4.46E-5","5( 4, 1)- 5( 4, 2)",-16.1818,,240.727,240.72701,CDMS
17,H2CO,Formaldehyde,"5.19E-5, 5.19E-5","21( 7,14)-21( 7,15)",-17.3361,,1381.31647,1381.31647,CDMS
18,H2CO,Formaldehyde,"5.430000000000001E-5, 5.43E-5","28( 8,20)-28( 8,21)",-18.9164,,2165.85788,2165.85789,CDMS
19,H2CO,Formaldehyde,"6.31E-5, 6.31E-5","15( 6, 9)-15( 6,10)",-16.8526,,842.0713,842.0713,CDMS
20,H2CO,Formaldehyde,"7.02E-5, 7.02E-5","36( 9,27)-36( 9,28)",-19.8168,,3267.31313,3267.31313,CDMS
21,H2CO,Formaldehyde,"9.53E-5, 9.53E-5","29( 8,21)-29( 8,22)",-18.5888,,2266.90232,2266.90232,CDMS
22,H2CO,Formaldehyde,"1.0E-4, 1.0E-4","22( 7,15)-22( 7,16)",-16.8965,,1458.07866,1458.07867,CDMS
23,H2CO,Formaldehyde,"1.027E-4, 1.027E-4","10( 5, 5)-10( 5, 6)",-15.4358,,486.17389,486.17389,CDMS
24,H2CO,Formaldehyde,"1.148E-4, 1.148E-4","37( 9,28)-37( 9,29)",-19.5879,,3395.96524,3395.96524,CDMS
25,H2CO,Formaldehyde,"1.415E-4, 1.415E-4","16( 6,10)-16( 6,11)",-16.2772,,897.94919,897.9492,CDMS
26,H2CO,Formaldehyde,"1.641E-4, 1.641E-4","30( 8,22)-30( 8,23)",-18.2832,,2371.42282,2371.42283,CDMS
27,H2CO,Formaldehyde,"1.852E-4, 1.852E-4","38( 9,29)-38( 9,30)",-19.3758,,3528.07556,3528.07557,CDMS
28,H2CO,Formaldehyde,"1.871E-4, 1.871E-4","23( 7,16)-23( 7,17)",-16.4879,,1538.32829,1538.3283,CDMS
29,H2CO,Formaldehyde,"2.231E-4, 2.231E-4","6( 4, 2)- 6( 4, 3)",-14.8882,,261.69749,261.6975,CDMS
30,H2CO,Formaldehyde,"2.713E-4, 2.713E-4","11( 5, 6)-11( 5, 7)",-14.6801,,524.61117,524.61118,CDMS
31,H2CO,Formaldehyde,"2.772E-4, 2.772E-4","31( 8,23)-31( 8,24)",-17.9985,,2479.41838,2479.41839,CDMS
32,H2CO,Formaldehyde,"2.8960000000000005E-4, 2.896E-4","17( 6,11)-17( 6,12)",-15.7497,,957.32084,957.32086,CDMS
33,H2CO,Formaldehyde,"2.948E-4, 2.948E-4","39( 9,30)-39( 9,31)",-19.1798,,3663.64239,3663.6424,CDMS
34,H2CO,Formaldehyde,"3.403E-4, 3.403E-4","24( 7,17)-24( 7,18)",-16.108,,1622.06491,1622.06493,CDMS
35,H2CO,Formaldehyde,"4.602E-4, 4.602E-4","32( 8,24)-32( 8,25)",-17.7335,,2590.88828,2590.8883,CDMS
36,H2CO,Formaldehyde,"4.634E-4, 4.634E-4","40( 9,31)-40( 9,32)",-18.9993,,3802.66442,3802.66444,CDMS
37,H2CO,Formaldehyde,"5.8E-4, 5.8E-4","18( 6,12)-18( 6,13)",-15.2646,,1020.18654,1020.18657,CDMS
38,H2CO,Formaldehyde,"6.06E-4, 6.06E-4","25( 7,18)-25( 7,19)",-15.7547,,1709.28825,1709.28827,CDMS
39,H2CO,Formaldehyde,"6.352000000000002E-4, 6.352E-4","3( 3, 0)- 3( 3, 1), F= 3- 2",-14.8593,,126.95436,126.95439,CDMS
40,H2CO,Formaldehyde,"6.495999999999999E-4, 6.496E-4","3( 3, 0)- 3( 3, 1), F= 4- 3",-14.8345,,126.95436,126.95439,CDMS
41,H2CO,Formaldehyde,"6.533999999999999E-4, 6.534E-4","3( 3, 0)- 3( 3, 1), F= 2- 2",-13.9317,,126.95436,126.95439,CDMS
42,H2CO,Formaldehyde,"6.533999999999999E-4, 6.534E-4","3( 3, 0)- 3( 3, 1), F= 3- 3",-13.81,,126.95436,126.95439,CDMS
43,H2CO,Formaldehyde,"6.533999999999999E-4, 6.534E-4","3( 3, 0)- 3( 3, 1), F= 4- 4",-13.6533,,126.95436,126.95439,CDMS
44,H2CO,Formaldehyde,"6.545E-4, 6.545E-4","3( 3, 0)- 3( 3, 1)",-13.2573,,126.95436,126.95439,CDMS
45,H2CO,Formaldehyde,"6.566E-4, 6.566E-4","12( 5, 7)-12( 5, 8)",-14.0074,,566.54552,566.54555,CDMS
46,H2CO,Formaldehyde,"6.572E-4, 6.572E-4","3( 3, 0)- 3( 3, 1), F= 3- 4",-14.8243,,126.95436,126.95439,CDMS
47,H2CO,Formaldehyde,"6.716E-4, 6.716E-4","3( 3, 0)- 3( 3, 1), F= 2- 3",-14.8109,,126.95436,126.95439,CDMS
48,H2CO,Formaldehyde,"7.2E-4, 7.2E-4","41( 9,32)-41( 9,33)",-18.8339,,3945.13978,3945.13981,CDMS
49,H2CO,Formaldehyde,"7.515E-4, 7.515E-4","33( 8,25)-33( 8,26)",-17.4875,,2705.83165,2705.83168,CDMS
50,H2CO,Formaldehyde,"8.177E-4, 8.177E-4","7( 4, 3)- 7( 4, 4)",-13.8583,,286.16533,286.16537,CDMS
51,H2CO,Formaldehyde,"0.001044, 0.001044","26( 7,19)-26( 7,20)",-15.4262,,1799.99815,1799.9982,CDMS
52,H2CO,Formaldehyde,"0.0011061, 0.0011061","42( 9,33)-42( 9,34)",-18.683,,4091.06703,4091.06709,CDMS
53,H2CO,Formaldehyde,"0.001111, 0.001111","19( 6,13)-19( 6,14)",-14.8175,,1086.54673,1086.54678,CDMS
54,H2CO,Formaldehyde,"0.0012085, 0.0012085","34( 8,26)-34( 8,27)",-17.2594,,2824.2472,2824.24726,CDMS
55,H2CO,Formaldehyde,"0.0014758, 0.0014758","13( 5, 8)-13( 5, 9)",-13.4036,,611.97766,611.97773,CDMS
56,H2CO,Formaldehyde,"0.0016812, 0.0016812","43( 9,34)-43( 9,35)",-18.5463,,4240.44431,4240.44439,CDMS
57,H2CO,Formaldehyde,"0.0017694000000000004, 0.0017694","27( 7,20)-27( 7,21)",-15.1211,,1894.19419,1894.19427,CDMS
58,H2CO,Formaldehyde,"0.0019154, 0.0019154","35( 8,27)-35( 8,28)",-17.0487,,2946.13436,2946.13445,CDMS
59,H2CO,Formaldehyde,"0.002056, 0.002056","20( 6,14)-20( 6,15)",-14.405,,1156.40139,1156.40149,CDMS
60,H2CO,Formaldehyde,"0.002454, 0.002454","8( 4, 4)- 8( 4, 5)",-13,,314.13154,314.13166,CDMS
61,H2CO,Formaldehyde,"0.0025291000000000003, 0.0025291","44( 9,35)-44( 9,36)",-18.4233,,4393.26989,4393.27001,CDMS
62,H2CO,Formaldehyde,"0.002939, 0.002939","28( 7,21)-28( 7,22)",-14.8379,,1991.87622,1991.87636,CDMS
63,H2CO,Formaldehyde,"0.0029947, 0.0029947","36( 8,28)-36( 8,29)",-16.8546,,3071.49197,3071.49211,CDMS
64,H2CO,Formaldehyde,"0.0031104, 0.0031104","14( 5, 9)-14( 5,10)",-12.8579,,660.90831,660.90846,CDMS
65,H2CO,Formaldehyde,"0.0036920000000000004, 0.003692","21( 6,15)-21( 6,16)",-14.0238,,1229.75111,1229.75129,CDMS
66,H2CO,Formaldehyde,"0.0037677, 0.0037677","45( 9,36)-45( 9,37)",-18.3136,,4549.54203,4549.54222,CDMS
67,H2CO,Formaldehyde,"0.0045631000000000005, 0.0045631","4( 3, 1)- 4( 3, 2), F= 4- 3",-13.4925,,140.93847,140.93869,CDMS
68,H2CO,Formaldehyde,"0.0045658, 0.0045658","4( 3, 1)- 4( 3, 2), F= 5- 4",-13.4895,,140.93847,140.93869,CDMS
69,H2CO,Formaldehyde,"0.0045726000000000004, 0.0045726","4( 3, 1)- 4( 3, 2), F= 3- 3",-12.3146,,140.93847,140.93869,CDMS
70,H2CO,Formaldehyde,"0.0045726000000000004, 0.0045726","4( 3, 1)- 4( 3, 2), F= 4- 4",-12.222,,140.93847,140.93869,CDMS
71,H2CO,Formaldehyde,"0.0045726000000000004, 0.0045726","4( 3, 1)- 4( 3, 2), F= 5- 5",-12.108,,140.93847,140.93869,CDMS
72,H2CO,Formaldehyde,"0.0045728, 0.0045728","4( 3, 1)- 4( 3, 2)",-11.7003,,140.93847,140.93869,CDMS
73,H2CO,Formaldehyde,"0.0045794, 0.0045794","4( 3, 1)- 4( 3, 2), F= 4- 5",-13.4869,,140.93847,140.93869,CDMS
74,H2CO,Formaldehyde,"0.0045820999999999995, 0.0045821","4( 3, 1)- 4( 3, 2), F= 3- 4",-13.4889,,140.93847,140.93869,CDMS
75,H2CO,Formaldehyde,"0.0046219, 0.0046219","37( 8,29)-37( 8,30)",-16.6764,,3200.31888,3200.3191,CDMS
76,H2CO,Formaldehyde,"0.0047892, 0.0047892","29( 7,22)-29( 7,23)",-14.5754,,2093.04367,2093.0439,CDMS
77,H2CO,Formaldehyde,"0.0055603, 0.0055603","46( 9,37)-46( 9,38)",-18.2168,,4709.25874,4709.259,CDMS
78,H2CO,Formaldehyde,"0.0062099, 0.0062099","15( 5,10)-15( 5,11)",-12.3625,,713.33848,713.33878,CDMS
79,H2CO,Formaldehyde,"0.0063694, 0.0063694","9( 4, 5)- 9( 4, 6)",-12.265,,345.59698,345.59729,CDMS
80,H2CO,Formaldehyde,"0.006442000000000001, 0.006442","22( 6,16)-22( 6,17)",-13.6715,,1306.59618,1306.59649,CDMS
81,H2CO,Formaldehyde,"0.0070465, 0.0070465","38( 8,30)-38( 8,31)",-16.5137,,3332.61409,3332.61443,CDMS
82,H2CO,Formaldehyde,"0.0076718, 0.0076718","30( 7,23)-30( 7,24)",-14.3326,,2197.69654,2197.69691,CDMS
83,H2CO,Formaldehyde,"0.008132400000000001, 0.0081324","47( 9,38)-47( 9,39)",-18.1327,,4872.41841,4872.4188,CDMS
84,H2CO,Formaldehyde,"0.0106188, 0.0106188","39( 8,31)-39( 8,32)",-16.3658,,3468.37659,3468.3771,CDMS
85,H2CO,Formaldehyde,"0.010955, 0.010955","23( 6,17)-23( 6,18)",-13.3459,,1386.93688,1386.9374,CDMS
86,H2CO,Formaldehyde,"0.0117921, 0.0117921","48( 9,39)-48( 9,40)",-18.0609,,5039.0189,5039.01947,CDMS
87,H2CO,Formaldehyde,"0.0118326, 0.0118326","16( 5,11)-16( 5,12)",-11.9109,,769.26889,769.26945,CDMS
88,H2CO,Formaldehyde,"0.0120917, 0.0120917","31( 7,24)-31( 7,25)",-14.1086,,2305.8341,2305.83469,CDMS
89,H2CO,Formaldehyde,"0.0148455, 0.0148455","10( 4, 6)-10( 4, 7)",-11.6244,,380.56337,380.56409,CDMS
90,H2CO,Formaldehyde,"0.0158263, 0.0158263","40( 8,32)-40( 8,33)",-16.2323,,3607.60523,3607.60599,CDMS
91,HDO,Water,"0.016165, 0.016165","8( 6, 2)- 8( 6, 3)",-12.6634,,1589.84397,1589.84475,JPL
92,H2CO,Formaldehyde,"0.0169573, 0.0169573","49( 9,40)-49( 9,41)",-18.0012,,5209.05848,5209.0593,CDMS
93,H2CO,Formaldehyde,"0.0181955, 0.0181955","24( 6,18)-24( 6,19)",-13.0451,,1470.77335,1470.77422,CDMS
94,H2CO,Formaldehyde,"0.018275, 0.018275","5( 3, 2)- 5( 3, 3), F= 6- 5",-12.5721,,158.4208,158.42168,CDMS
95,H2CO,Formaldehyde,"0.0182781, 0.0182781","5( 3, 2)- 5( 3, 3), F= 5- 4",-12.5733,,158.4208,158.42168,CDMS
96,H2CO,Formaldehyde,"0.018283300000000002, 0.0182833","5( 3, 2)- 5( 3, 3), F= 4- 4",-11.1929,,158.4208,158.42168,CDMS
97,H2CO,Formaldehyde,"0.018283300000000002, 0.0182833","5( 3, 2)- 5( 3, 3), F= 5- 5",-11.1174,,158.4208,158.42168,CDMS
98,H2CO,Formaldehyde,"0.018283300000000002, 0.0182833","5( 3, 2)- 5( 3, 3), F= 6- 6",-11.0277,,158.4208,158.42168,CDMS
99,H2CO,Formaldehyde,"0.0182834, 0.0182834","5( 3, 2)- 5( 3, 3)",-10.6108,,158.4208,158.42168,CDMS
100,H2CO,Formaldehyde,"0.0182885, 0.0182885","5( 3, 2)- 5( 3, 3), F= 4- 5",-12.5728,,158.4208,158.42168,CDMS
101,H2CO,Formaldehyde,"0.018291599999999998, 0.0182916","5( 3, 2)- 5( 3, 3), F= 5- 6",-12.5713,,158.4208,158.42168,CDMS
102,H2CO,Formaldehyde,"0.0187707, 0.0187707","32( 7,25)-32( 7,26)",-13.9024,,2417.45637,2417.45727,CDMS
103,H2CO,Formaldehyde,"0.021646, 0.021646","17( 5,12)-17( 5,13)",-11.4983,,828.70068,828.70172,CDMS
104,H2CO,Formaldehyde,"0.0233406, 0.0233406","41( 8,33)-41( 8,34)",-16.1128,,3750.29885,3750.29997,CDMS
105,H2CO,Formaldehyde,"0.024191, 0.024191","50( 9,41)-50( 9,42)",-17.9533,,5382.53485,5382.53601,CDMS
106,H2CO,Formaldehyde,"0.0287262, 0.0287262","33( 7,26)-33( 7,27)",-13.7132,,2532.56275,2532.56413,CDMS
107,H2CO,Formaldehyde,"0.029577000000000006, 0.029577","25( 6,19)-25( 6,20)",-12.7675,,1558.10632,1558.10774,CDMS
108,H2CO,Formaldehyde,"0.031773499999999996, 0.0317735","11( 4, 7)-11( 4, 8)",-11.0592,,419.03173,419.03326,CDMS
109,H2CO,Formaldehyde,"0.034078699999999996, 0.0340787","42( 8,34)-42( 8,35)",-16.0068,,3896.45616,3896.4578,CDMS
110,H2CO,Formaldehyde,"0.034246000000000006, 0.034246","51( 9,42)-51( 9,43)",-17.9169,,5559.44627,5559.44792,CDMS
111,HDO,Water,"0.0354891, 0.0354891","6( 5, 1)- 6( 5, 2)",-11.1958,,1020.32639,1020.32809,JPL
112,H2CO,Formaldehyde,"0.0382012, 0.0382012","18( 5,13)-18( 5,14)",-11.1206,,891.63458,891.63641,CDMS
113,H2CO,Formaldehyde,"0.04337530000000001, 0.0433753","34( 7,27)-34( 7,28)",-13.5405,,2651.15283,2651.15491,CDMS
114,H2CO,Formaldehyde,"0.0471301, 0.0471301","26( 6,20)-26( 6,21)",-12.5116,,1648.93579,1648.93805,CDMS
115,H2CO,Formaldehyde,"0.0481222, 0.0481222","52( 9,43)-52( 9,44)",-17.8918,,5739.79046,5739.79277,CDMS
116,H2CO,Formaldehyde,"0.0492821, 0.0492821","43( 8,35)-43( 8,36)",-15.9139,,4046.07616,4046.07853,CDMS
117,HDO,Water,"0.0546183, 0.0546183","4( 4, 0)- 4( 4, 1)",-10.2126,,578.85836,578.86098,JPL
118,H2CO,Formaldehyde,"0.0548083, 0.0548083","6( 3, 3)- 6( 3, 4), F= 7- 6",-11.8665,,179.40294,179.40557,CDMS
119,H2CO,Formaldehyde,"0.0548147, 0.0548147","6( 3, 3)- 6( 3, 4), F= 6- 5",-11.8672,,179.40294,179.40557,CDMS
120,H2CO,Formaldehyde,"0.0548174, 0.0548174","6( 3, 3)- 6( 3, 4), F= 5- 5",-10.3231,,179.40294,179.40557,CDMS
121,H2CO,Formaldehyde,"0.0548174, 0.0548174","6( 3, 3)- 6( 3, 4), F= 6- 6",-10.2593,,179.40294,179.40557,CDMS
122,H2CO,Formaldehyde,"0.0548174, 0.0548174","6( 3, 3)- 6( 3, 4), F= 7- 7",-10.1851,,179.40294,179.40557,CDMS
123,H2CO,Formaldehyde,"0.05481750000000001, 0.0548175","6( 3, 3)- 6( 3, 4)",-9.7612,,179.40294,179.40557,CDMS
124,H2CO,Formaldehyde,"0.0548201, 0.0548201","6( 3, 3)- 6( 3, 4), F= 5- 6",-11.8671,,179.40294,179.40557,CDMS
125,H2CO,Formaldehyde,"0.05482650000000001, 0.0548265","6( 3, 3)- 6( 3, 4), F= 6- 7",-11.8662,,179.40294,179.40557,CDMS
126,H2CO,Formaldehyde,"0.0634462, 0.0634462","12( 4, 8)-12( 4, 9)",-10.5559,,461.00364,461.00668,CDMS
127,H2CO,Formaldehyde,"0.06466970000000001, 0.0646697","35( 7,28)-35( 7,29)",-13.3835,,2773.22645,2773.22955,CDMS
128,H2CO,Formaldehyde,"0.0653011, 0.0653011","19( 5,14)-19( 5,15)",-10.7745,,958.07159,958.07472,CDMS
129,H2CO,Formaldehyde,"0.0671383, 0.0671383","53( 9,44)-53( 9,45)",-17.8779,,5923.56539,5923.56861,CDMS
130,H2CO,Formaldehyde,"0.07061709999999999, 0.0706171","44( 8,36)-44( 8,37)",-15.8339,,4199.15755,4199.16094,CDMS
131,H2CO,Formaldehyde,"0.0711392, 0.0711392","2( 2, 0)- 2( 2, 1)",-9.7574,,57.60858,57.612,CDMS
132,H2CO,Formaldehyde,"0.0737304, 0.0737304","27( 6,21)-27( 6,22)",-12.2763,,1743.26232,1743.26586,CDMS
133,HDO,Water,"0.0793758, 0.0793758","9( 6, 3)- 9( 6, 4)",-11.6221,,1790.4571,1790.46091,JPL
134,H2CO,Formaldehyde,"0.093023, 0.093023","54( 9,45)-54( 9,46)",-17.8748,,6110.7689,6110.77336,CDMS
135,H2CO,Formaldehyde,"0.0952693, 0.0952693","36( 7,29)-36( 7,30)",-13.2417,,2898.7829,2898.78747,CDMS
136,H2CO,Formaldehyde,"0.10030240000000001, 0.1003024","45( 8,37)-45( 8,38)",-15.7664,,4355.69889,4355.70371,CDMS
137,HDO,Water,"0.1031505, 0.1031505","12( 7, 5)-12( 7, 6)",-12.837,,2794.62583,2794.63078,JPL
138,H2CO,Formaldehyde,"0.1084834, 0.1084834","20( 5,15)-20( 5,16)",-10.4572,,1028.01301,1028.01822,CDMS
139,H2CO,Formaldehyde,"0.1133898, 0.1133898","28( 6,22)-28( 6,23)",-12.0603,,1841.08636,1841.0918,CDMS
140,H2CO,Formaldehyde,"0.1196146, 0.1196146","13( 4, 9)-13( 4,10)",-10.1049,,506.48052,506.48626,CDMS
141,H2CO,Formaldehyde,"0.1280273, 0.1280273","55( 9,46)-55( 9,47)",-17.8824,,6301.39884,6301.40499,CDMS
142,H2CO,Formaldehyde,"0.1369254, 0.1369254","7( 3, 4)- 7( 3, 5)",-9.0645,,203.88632,203.8929,CDMS
143,H2CO,Formaldehyde,"0.1387619, 0.1387619","37( 7,30)-37( 7,31)",-13.1146,,3027.82189,3027.82855,CDMS
144,H2CO,Formaldehyde,"0.1412691, 0.1412691","46( 8,38)-46( 8,39)",-15.711,,4515.69917,4515.70595,CDMS
145,H2CO,Formaldehyde,"0.1716289, 0.1716289","29( 6,23)-29( 6,24)",-11.8628,,1942.40805,1942.41628,CDMS
146,H2CO,Formaldehyde,"0.1750649, 0.1750649","56( 9,47)-56( 9,48)",-17.9005,,6495.45276,6495.46117,CDMS
147,H2CO,Formaldehyde,"0.1756413, 0.1756413","21( 5,16)-21( 5,17)",-10.1664,,1101.45971,1101.46814,CDMS
148,H2CO,Formaldehyde,"0.19736089999999995, 0.1973609","47( 8,39)-47( 8,40)",-15.6677,,4679.15682,4679.16629,CDMS
149,H2CO,Formaldehyde,"0.1999401, 0.1999401","38( 7,31)-38( 7,32)",-13.0017,,3160.34313,3160.35272,CDMS
150,HDO,Water,"0.2099135, 0.2099135","7( 5, 2)- 7( 5, 3)",-9.9433,,1176.92197,1176.93205,JPL
151,H2CO,Formaldehyde,"0.2148116, 0.2148116","14( 4,10)-14( 4,11)",-9.6989,,555.46412,555.47443,CDMS
152,H2CO,Formaldehyde,"0.2378843, 0.2378843","57( 9,48)-57( 9,49)",-17.9289,,6692.92865,6692.94007,CDMS
153,H2CO,Formaldehyde,"0.25594659999999997, 0.2559466","30( 6,24)-30( 6,25)",-11.6829,,2047.22781,2047.24009,CDMS
154,H2CO,Formaldehyde,"0.2735807, 0.2735807","48( 8,40)-48( 8,41)",-15.6359,,4846.07053,4846.08366,CDMS
155,H2CO,Formaldehyde,"0.2778114, 0.2778114","22( 5,17)-22( 5,18)",-9.9002,,1178.41282,1178.42616,CDMS
156,H2CO,Formaldehyde,"0.2851468, 0.2851468","39( 7,32)-39( 7,33)",-12.9025,,3296.3459,3296.35959,CDMS
157,H2CO,Formaldehyde,"0.30086989999999997, 0.3008699","8( 3, 5)- 8( 3, 6)",-8.4764,,231.87268,231.88712,CDMS
158,HDO,Water,"0.3103927, 0.3103927","10( 6, 4)-10( 6, 5)",-10.8068,,2013.48509,2013.49999,JPL
159,HDO,Water,"0.3333633, 0.3333633","13( 7, 6)-13( 7, 7)",-12.2722,,3083.03981,3083.05581,JPL
160,NH3 v=0,Ammonia,"0.3454764, 0.3454764",24( 6)0a-24(-6)0s,-19.2081,,8051.29648,8051.31306,JPL
161,H2CO,Formaldehyde,"0.3555677, 0.3555677","3( 2, 1)- 3( 2, 2)",-8.53,,68.09376,68.11082,CDMS
162,H2CO,Formaldehyde,"0.3700186, 0.3700186","15( 4,11)-15( 4,12)",-9.3322,,607.95601,607.97377,CDMS
163,H2CO,Formaldehyde,"0.3763947, 0.3763947","49( 8,41)-49( 8,42)",-15.6157,,5016.43887,5016.45693,CDMS
164,H2CO,Formaldehyde,"0.3764053, 0.3764053","31( 6,25)-31( 6,26)",-11.5198,,2155.54609,2155.56415,CDMS
165,H2CO,Formaldehyde,"0.4027019000000001, 0.4027019","40( 7,33)-40( 7,34)",-12.8167,,3435.82963,3435.84896,CDMS
166,H2CO,Formaldehyde,"0.4301544, 0.4301544","23( 5,18)-23( 5,19)",-9.6567,,1258.87352,1258.89416,CDMS
167,HDO,Water,"0.486528, 0.486528","5( 4, 1)- 5( 4, 2)",-8.566,,690.95786,690.98121,JPL
168,H2CO,Formaldehyde,"0.514103, 0.514103","50( 8,42)-50( 8,43)",-15.6066,,5190.26054,5190.28521,CDMS
169,H2CO,Formaldehyde,"0.5150573, 0.5150573","49( 6,43)-50( 4,46)",-16.6923,,4706.4599,4706.48462,CDMS
170,H2CO,Formaldehyde,"0.5463518, 0.5463518","32( 6,26)-32( 6,27)",-11.3728,,2267.36301,2267.38923,CDMS
171,H2CO,Formaldehyde,"0.5634236, 0.5634236","41( 7,34)-41( 7,35)",-12.7439,,3578.79403,3578.82107,CDMS
172,H2CO,Formaldehyde,"0.6007402, 0.6007402","9( 3, 6)- 9( 3, 7)",-7.9705,,263.36344,263.39227,CDMS
173,NH3 v=0,Ammonia,"0.6070216, 0.6070216",25( 7)0a-25( 7)0s,-19.7892,,8652.12023,8652.14936,JPL
174,H2CO,Formaldehyde,"0.6146859, 0.6146859","16( 4,12)-16( 4,13)",-9.0004,,663.95778,663.98728,CDMS
175,NH3 v=0,Ammonia,"0.6265737, 0.6265737",24( 4)0a-24( 4)0s,-19.485,,8138.63851,8138.66858,JPL
176,H2CO,Formaldehyde,"0.6531557, 0.6531557","24( 5,19)-24( 5,20)",-9.4347,,1342.8425,1342.87385,CDMS
177,NH3 v=0,Ammonia,"0.6805152000000001, 0.6805152",24( 5)0a-24( 5)0s,-19.1556,,8099.41048,8099.44314,JPL
178,NH3 v=0,Ammonia,"0.6951515, 0.6951515",25( 8)0a-25( 8)0s,-19.4509,,8586.90099,8586.93435,JPL
179,H2CO,Formaldehyde,"0.6972871, 0.6972871","51( 8,43)-51( 8,44)",-15.6085,,5367.53396,5367.56742,CDMS
180,NH3 v=0,Ammonia,"0.7466674000000001, 0.7466674",23( 1)0a-23( 1)0s,-19.6797,,7571.40368,7571.43951,JPL
181,NH3 v=0,Ammonia,"0.7685358, 0.7685358",23( 2)0a-23( 2)0s,-19.0321,,7558.22024,7558.25713,JPL
182,H2CO,Formaldehyde,"0.7812627, 0.7812627","42( 7,35)-42( 7,36)",-12.6838,,3725.23838,3725.27587,CDMS
183,H2CO,Formaldehyde,"0.7832948, 0.7832948","33( 6,27)-33( 6,28)",-11.2413,,2382.67903,2382.71662,CDMS
184,NH3 v=0,Ammonia,"0.8095826, 0.8095826",25( 9)0a-25(-9)0s,-18.7976,,8512.57621,8512.61507,JPL
185,NH3 v=0,Ammonia,"0.8224659000000001, 0.8224659",26(11)0a-26(11)0s,-19.6602,,9020.89447,9020.93395,JPL
186,HDO,Water,"0.8246706, 0.8246706","3( 3, 0)- 3( 3, 1)",-7.6397,,335.2672,335.30677,JPL
187,CH3OH vt = 0-2,Methanol,"0.83428, 0.83428",1( 1) - - 1( 1) + vt=0,-9.251,,16.84079,16.88083,JPL
188,NH3 v=0,Ammonia,"0.845067, 0.845067",24( 7)0a-24( 7)0s,-18.5079,,7994.17261,7994.21317,JPL
189,NH3 v=0,Ammonia,"0.8534885000000001, 0.8534885",23( 4)0a-23( 4)0s,-18.2548,,7505.27974,7505.3207,JPL
190,CH3OH vt = 0-2,Methanol,"0.8597530000000001, 0.859753",18( 2) - -18( 2) + vt=1,-10.6524,,694.23609,694.27735,JPL
191,HDO,Water,"0.8923092, 0.8923092","8( 5, 3)- 8( 5, 4)",-9.0034,,1356.08579,1356.12861,JPL
192,CH3OH vt = 0-2,Methanol,"0.902201, 0.902201",37( 3) - -37( 3) + vt=1,-12.567,,2020.49161,2020.5349,JPL
193,NH3 v=0,Ammonia,"0.9275928, 0.9275928",23( 5)0a-23( 5)0s,-17.9258,,7465.46412,7465.50864,JPL
194,H2CO,Formaldehyde,"0.9393491, 0.9393491","52( 8,44)-52( 8,45)",-15.6213,,5548.2574,5548.30248,CDMS
195,CH3OH vt = 0-2,Methanol,"0.953339, 0.953339",21(a1) -22(a3) E1 vt=1 - vt=0,-16.6502,,1426.61826,1426.66401,JPL
196,CH3OH vt = 0-2,Methanol,"0.962347, 0.962347",4( 1) - - 4( 1) + vt=1,-10.14,,348.38776,348.43394,JPL
197,NH3 v=0,Ammonia,"0.9634335, 0.9634335",25(10)0a-25(10)0s,-18.7255,,8428.98534,8429.03157,JPL
198,HDO,Water,"0.9641909, 0.9641909","14( 7, 7)-14( 7, 8)",-11.8343,,3393.63644,3393.68272,JPL
199,NH3 v=0,Ammonia,"0.9672765000000001, 0.9672765",24( 8)0a-24( 8)0s,-18.171,,7927.94667,7927.99309,JPL
200,H2CO,Formaldehyde,"0.9740783, 0.9740783","25( 5,20)-25( 5,21)",-9.2327,,1430.32107,1430.36782,CDMS
201,CH3OH vt = 0-2,Methanol,"0.9823010000000001, 0.982301",4(-2) - 5(-5) E2 vt=2,-17.8172,,668.02029,668.06743,JPL
202,H2CO,Formaldehyde,"0.9891364, 0.9891364","17( 4,13)-17( 4,14)",-8.6999,,723.47072,723.51819,CDMS
203,CH3OH vt = 0-2,Methanol,"0.991369, 0.991369",18( 3) - -18( 3) + vt=0,-9.8234,,446.53193,446.5795,JPL
204,NH3 v=0,Ammonia,"1.0021059, 1.0021059",22( 1)0a-22( 1)0s,-18.4978,,6961.77164,6961.81974,JPL
205,NH3 v=0,Ammonia,"1.0144469, 1.0144469",26(12)0a-26(-12)0s,-18.9449,,8919.84371,8919.89239,JPL
206,CH3OH vt = 0-2,Methanol,"1.020184, 1.020184",28( 4) + -28( 4) - vt=0,-10.6167,,1021.88976,1021.93872,JPL
207,HDO,Water,"1.0261446, 1.0261446","11( 6, 5)-11( 6, 6)",-10.1667,,2258.95557,2259.00482,JPL
208,NH3 v=0,Ammonia,"1.0311982, 1.0311982",22( 2)0a-22( 2)0s,-17.8504,,6948.39541,6948.4449,JPL
209,CH3OH vt = 0-2,Methanol,"1.038991, 1.038991",38( 3) - -38( 3) + vt=1,-12.5812,,2108.09823,2108.14809,JPL
210,CH3OH vt = 0-2,Methanol,"1.0497, 1.0497",21( 3) + -22( 0) + vt=0,-16.2963,,585.5659,585.61627,JPL
211,CH3OH vt = 0-2,Methanol,"1.0610060000000001, 1.061006",19( 2) - -19( 2) + vt=1,-10.547,,738.14156,738.19248,JPL
212,H2CO,Formaldehyde,"1.0658686, 1.0658686","4( 2, 2)- 4( 2, 3)",-7.7097,,82.07096,82.12211,CDMS
213,H2CO,Formaldehyde,"1.0740627999999999, 1.0740628","43( 7,36)-43( 7,37)",-12.636,,3875.16181,3875.21336,CDMS
214,CH3OH vt = 0-2,Methanol,"1.0920699999999999, 1.09207",3( 1) - - 3( 1) + vt=2,-10.4081,,696.6302,696.68261,JPL
215,H2CO,Formaldehyde,"1.109961, 1.109961","34( 6,28)-34( 6,29)",-11.1248,,2501.49413,2501.54739,CDMS
216,H2CO,Formaldehyde,"1.1131897, 1.1131897","10( 3, 7)-10( 3, 8)",-7.5297,,298.36005,298.41347,CDMS
217,CH3OH vt = 0-2,Methanol,"1.1203699999999999, 1.12037",10( 2) + -10( 2) - vt=0,-9.537,,165.34761,165.40138,JPL
218,NH3 v=0,Ammonia,"1.1274139, 1.1274139",24( 9)0a-24(-9)0s,-17.5178,,7852.46498,7852.51909,JPL
219,NH3 v=0,Ammonia,"1.127907, 1.127907",27(14)0a-27(14)0s,-19.7231,,9400.44438,9400.49851,JPL
220,NH3 v=0,Ammonia,"1.1480579, 1.1480579",22( 4)0a-22( 4)0s,-17.0719,,6894.70445,6894.75955,JPL
221,NH3 v=0,Ammonia,"1.1528924, 1.1528924",23( 7)0a-23( 7)0s,-17.2789,,7358.64691,7358.70224,JPL
222,NH3 v=0,Ammonia,"1.1631937, 1.1631937",25(11)0a-25(11)0s,-18.3356,,8335.94419,8336.00002,JPL
223,NH3 v=0,Ammonia,"1.1727670000000001, 1.172767",25( 6)0a-25(-6)0s,-19.1416,,8708.35695,8708.41323,JPL
224,CH3OH vt = 0-2,Methanol,"1.19053, 1.19053",39( 3) - -39( 3) + vt=1,-12.6026,,2197.98962,2198.04675,JPL
225,CH3OH vt = 0-2,Methanol,"1.2114770000000001, 1.211477",28(-5) -27(-6) E2 vt=0,-9.5972,,1064.98088,1065.03902,JPL
226,NH3 v=0,Ammonia,"1.2231558, 1.2231558",22( 6)0a-22(-6)0s,-16.2257,,6804.75076,6804.80946,JPL
227,NH3 v=0,Ammonia,"1.2471162999999998, 1.2471163",22( 5)0a-22( 5)0s,-16.744,,6854.30627,6854.36612,JPL
228,H2CO,Formaldehyde,"1.2571533, 1.2571533","53( 8,45)-53( 8,46)",-15.6448,,5732.42943,5732.48976,CDMS
229,NH3 v=0,Ammonia,"1.2682171000000002, 1.2682171",26(13)0a-26(13)0s,-18.8133,,8809.07852,8809.13939,JPL
230,CH3OH vt = 0-2,Methanol,"1.2754770000000002, 1.275477",37( 3) - -36( 5) - vt=0,-13.5934,,1679.92499,1679.9862,JPL
231,NH3 v=0,Ammonia,"1.2793076, 1.2793076",23( 6)0a-23(-6)0s,-17.111,,7416.61418,7416.67558,JPL
232,CH3OH vt = 0-2,Methanol,"1.295417, 1.295417",20( 2) - -20( 2) + vt=1,-10.4529,,784.34905,784.41122,JPL
233,NH3 v=0,Ammonia,"1.3187357, 1.3187357",23( 8)0a-23( 8)0s,-16.9431,,7291.41728,7291.48057,JPL
234,NH3 v=0,Ammonia,"1.3304585, 1.3304585",21( 1)0a-21( 1)0s,-17.3625,,6375.29026,6375.35411,JPL
235,NH3 v=0,Ammonia,"1.3343841, 1.3343841",24(10)0a-24(10)0s,-17.4508,,7767.56036,7767.6244,JPL
236,CH3OH vt = 0-2,Methanol,"1.334617, 1.334617",29( 4) + -29( 4) - vt=0,-10.4927,,1089.07594,1089.13999,JPL
237,CH3OH vt = 0-2,Methanol,"1.357576, 1.357576",40( 3) - -40( 3) + vt=1,-12.631,,2290.16002,2290.22517,JPL
238,CH3OH vt = 0-2,Methanol,"1.360515, 1.360515",19( 3) - -19( 3) + vt=0,-9.6268,,490.58271,490.648,JPL
239,NH3 v=0,Ammonia,"1.3682998, 1.3682998",21( 2)0a-21( 2)0s,-16.7156,,6361.72397,6361.78963,JPL
240,CH3OH vt = 0-2,Methanol,"1.397297, 1.397297",39( 3) + -38( 4) + vt=1,-11.5572,,2197.922,2197.98905,JPL
241,NH3 v=0,Ammonia,"1.4261445, 1.4261445",25(12)0a-25(-12)0s,-17.6255,,8233.24345,8233.31189,JPL
242,H2CO,Formaldehyde,"1.428685, 1.428685","26( 5,21)-26( 5,22)",-9.0499,,1521.30981,1521.37838,CDMS
243,CH3OH vt = 0-2,Methanol,"1.44306, 1.44306",5( 1) - - 5( 1) + vt=1,-9.8995,,359.95114,360.0204,JPL
244,NH3 v=0,Ammonia,"1.4559494, 1.4559494",27(15)0a-27(-15)0s,-18.9462,,9271.66969,9271.73957,JPL
245,H2CO,Formaldehyde,"1.4644674, 1.4644674","44( 7,37)-44( 7,38)",-12.6004,,4028.5639,4028.63419,CDMS
246,CH3OH vt = 0-2,Methanol,"1.482224, 1.482224",17( 4) -18( 5) E1 vt=2,-12.3945,,1239.63013,1239.70126,JPL
247,NH3 v=0,Ammonia,"1.5235332, 1.5235332",21( 4)0a-21( 4)0s,-15.9375,,6307.28398,6307.3571,JPL
248,NH3 v=0,Ammonia,"1.5335384, 1.5335384",23( 9)0a-23(-9)0s,-16.2921,,7214.7817,7214.8553,JPL
249,H2CO,Formaldehyde,"1.547359, 1.547359","18( 4,14)-18( 4,15)",-8.4278,,786.49641,786.57067,CDMS
250,NH3 v=0,Ammonia,"1.5480624, 1.5480624",22( 7)0a-22( 7)0s,-16.099,,6745.91937,6745.99366,JPL
251,H2CO,Formaldehyde,"1.5555515, 1.5555515","35( 6,29)-35( 6,30)",-11.0227,,2623.80845,2623.88311,CDMS
252,CH3OH vt = 0-2,Methanol,"1.566361, 1.566361",21( 2) - -21( 2) + vt=1,-10.3693,,832.8557,832.93087,JPL
253,NH3 v=0,Ammonia,"1.6062719, 1.6062719",24(11)0a-24(11)0s,-17.0636,,7673.04074,7673.11783,JPL
254,NH3 v=0,Ammonia,"1.6068676000000004, 1.6068676",26(14)0a-26(14)0s,-18.3612,,8688.34209,8688.41921,JPL
255,CH3OH vt = 0-2,Methanol,"1.6165930000000004, 1.616593",11( 2) + -11( 2) - vt=0,-9.3029,,190.86273,190.94032,JPL
256,NH3 v=0,Ammonia,"1.6531001, 1.6531001",21( 5)0a-21( 5)0s,-15.6109,,6266.30958,6266.38891,JPL
257,CH3OH vt = 0-2,Methanol,"1.670411, 1.670411",22( 6) - -21( 7) - vt=0,-9.1,,780.13921,780.21938,JPL
258,CH3OH vt = 0-2,Methanol,"1.670425, 1.670425",22( 6) + -21( 7) + vt=0,-9.1,,780.13921,780.21938,JPL
259,H2CO,Formaldehyde,"1.671786, 1.671786","54( 8,46)-54( 8,47)",-15.6787,,5920.04817,5920.1284,CDMS
260,CH3OH vt = 0-2,Methanol,"1.72819, 1.72819",30( 4) + -30( 4) - vt=0,-10.3803,,1158.56702,1158.64996,JPL
261,NH3 v=0,Ammonia,"1.7419494, 1.7419494",20( 1)0a-20( 1)0s,-16.2765,,5812.32569,5812.40929,JPL
262,NH3 v=0,Ammonia,"1.746353, 1.746353",15( 3)0a-15(-3)0s,-11.2595,,3323.8917,3323.97551,JPL
263,NH3 v=0,Ammonia,"1.7573856, 1.7573856",28(17)0a-28(17)0s,-19.6342,,9723.29702,9723.38136,JPL
264,NH3 v=0,Ammonia,"1.7688554, 1.7688554",22( 8)0a-22( 8)0s,-15.7643,,6677.69152,6677.77641,JPL
265,NH3 v=0,Ammonia,"1.7750307, 1.7750307",25(13)0a-25(13)0s,-17.4972,,8120.64541,8120.7306,JPL
266,NH3 v=0,Ammonia,"1.7903672, 1.7903672",20( 2)0a-20( 2)0s,-15.6302,,5798.57221,5798.65814,JPL
267,NH3 v=0,Ammonia,"1.8138507, 1.8138507",23(10)0a-23(10)0s,-16.2258,,7128.56579,7128.65284,JPL
268,CH3OH vt = 0-2,Methanol,"1.819795, 1.819795",4( 1) - - 4( 1) + vt=2,-10.0875,,705.86278,705.95012,JPL
269,CH3OH vt = 0-2,Methanol,"1.836686, 1.836686",20( 3) - -20( 3) + vt=0,-9.4466,,536.94415,537.03229,JPL
270,CH3OH vt = 0-2,Methanol,"1.8773540000000002, 1.877354",22( 2) - -22( 2) + vt=1,-10.2956,,883.66006,883.75016,JPL
271,NH3 v=0,Ammonia,"1.9040728, 1.9040728",27(16)0a-27(16)0s,-18.7506,,9132.52422,9132.6156,JPL
272,NH3 v=0,Ammonia,"1.9155858, 1.9155858",21( 6)0a-21(-6)0s,-14.9479,,6216.03885,6216.13079,JPL
273,H2CO,Formaldehyde,"1.942452, 1.942452","11( 3, 8)-11( 3, 9)",-7.1425,,336.86322,336.95645,CDMS
274,NH3 v=0,Ammonia,"1.964507, 1.964507",24(12)0a-24(-12)0s,-16.3552,,7568.68772,7568.782,JPL
275,H2CO,Formaldehyde,"1.9809892, 1.9809892","45( 7,38)-45( 7,39)",-12.5766,,4185.4435,4185.53857,CDMS
276,NH3 v=0,Ammonia,"1.9918542, 1.9918542",20( 4)0a-20( 4)0s,-14.853,,5743.38853,5743.48412,JPL
277,CH3OH vt = 0-2,Methanol,"2.019508, 2.019508",6( 1) - - 6( 1) + vt=1,-9.708,,373.82807,373.92499,JPL
278,NH3 v=0,Ammonia,"2.047441, 2.047441",21( 7)0a-21( 7)0s,-14.968,,6156.36607,6156.46433,JPL
279,NH3 v=0,Ammonia,"2.0551462000000003, 2.0551462",22( 9)0a-22(-9)0s,-15.1141,,6599.90723,6600.00586,JPL
280,H2CO,Formaldehyde,"2.0632620000000004, 2.063262","27( 5,22)-27( 5,23)",-8.8851,,1615.80972,1615.90874,CDMS
281,NH3 v=0,Ammonia,"2.065654, 2.065654",26(15)0a-26(-15)0s,-17.5863,,8557.3435,8557.44263,JPL
282,H2CO,Formaldehyde,"2.1572175000000002, 2.1572175","36( 6,30)-36( 6,31)",-10.9346,,2749.62201,2749.72554,CDMS
283,NH3 v=0,Ammonia,"2.1586480000000003, 2.158648",20( 5)0a-20( 5)0s,-14.5274,,5701.84495,5701.94855,JPL
284,NH3 v=0,Ammonia,"2.1800351, 2.1800351",23(11)0a-23(11)0s,-15.8395,,7032.56971,7032.67433,JPL
285,H2CO,Formaldehyde,"2.2094463, 2.2094463","55( 8,47)-55( 8,48)",-15.723,,6111.11176,6111.21779,CDMS
286,CH3OH vt = 0-2,Methanol,"2.216303, 2.216303",31( 4) + -31( 4) - vt=0,-10.2792,,1230.36302,1230.46939,JPL
287,CH3OH vt = 0-2,Methanol,"2.232047, 2.232047",23( 2) - -23( 2) + vt=1,-10.2312,,936.76069,936.86781,JPL
288,NH3 v=0,Ammonia,"2.2435656, 2.2435656",25(14)0a-25(14)0s,-17.0459,,7997.88104,7997.98871,JPL
289,NH3 v=0,Ammonia,"2.2437424, 2.2437424",29(19)0a-29(19)0s,-19.9663,,10163.25449,10163.36217,JPL
290,NH3 v=0,Ammonia,"2.2461835000000003, 2.2461835",19( 1)0a-19( 1)0s,-15.241,,5273.2421,5273.34989,JPL
291,CH3OH vt = 0-2,Methanol,"2.260312, 2.260312",12( 2) + -12( 2) - vt=0,-9.097,,218.6914,218.79987,JPL
292,NH3 v=0,Ammonia,"2.3074068000000003, 2.3074068",19( 2)0a-19( 2)0s,-14.595,,5259.30446,5259.41519,JPL
293,NH3 v=0,Ammonia,"2.3272207, 2.3272207",20( 6)0a-20(-6)0s,-13.9272,,5650.87643,5650.98811,JPL
294,CH3OH vt = 0-2,Methanol,"2.328191, 2.328191",34(14) + -35(15) - vt=2 - vt=1,-11.578,,2976.15916,2976.27089,JPL
295,NH3 v=0,Ammonia,"2.3367666, 2.3367666",21( 8)0a-21( 8)0s,-14.6342,,6087.1472,6087.25934,JPL
296,H2CO,Formaldehyde,"2.360186, 2.360186","19( 4,15)-19( 4,16)",-8.1817,,853.03587,853.14914,CDMS
297,NH3 v=0,Ammonia,"2.3758224, 2.3758224",28(18)0a-28(-18)0s,-18.7889,,9565.20224,9565.31626,JPL
298,HDO,Water,"2.39456, 2.39456","6( 4, 2)- 6( 4, 3)",-7.4536,,825.69567,825.81059,JPL
299,NH3 v=0,Ammonia,"2.4270357, 2.4270357",22(10)0a-22(10)0s,-15.0487,,6512.38535,6512.50182,JPL
300,NH3 v=0,Ammonia,"2.4412547, 2.4412547",24(13)0a-24(13)0s,-16.2273,,7454.25252,7454.36968,JPL
301,CH3OH vt = 0-2,Methanol,"2.442865, 2.442865",21( 3) - -21( 3) + vt=0,-9.2816,,585.61625,585.73349,JPL
302,H2CO,Formaldehyde,"2.483408, 2.483408","5( 2, 3)- 5( 2, 4)",-7.0899,,99.53747,99.65665,CDMS
303,CH3OH vt = 0-2,Methanol,"2.502768, 2.502768",2( 1) - - 2( 1) + vt=0,-8.5596,,21.44341,21.56352,JPL
304,NH3 v=0,Ammonia,"2.529659, 2.529659",27(17)0a-27(17)0s,-18.2296,,8982.651,8982.7724,JPL
305,HDO,Water,"2.5400234999999998, 2.5400235","15( 7, 8)-15( 7, 9)",-11.5086,,3726.39443,3726.51633,JPL
306,CH3OH vt = 0-2,Methanol,"2.5584409999999997, 2.558441",37(15) + -36(17) - vt=2 - vt=1,-13.7377,,3248.06341,3248.1862,JPL
307,NH3 v=0,Ammonia,"2.5647008000000002, 2.5647008",19( 4)0a-19( 4)0s,-13.8186,,5203.38556,5203.50865,JPL
308,CH3OH vt = 0-2,Methanol,"2.5814150000000002, 2.581415",13(-6) -12(-7) E2 vt=1,-9.0951,,703.83987,703.96376,JPL
309,CH3OH vt = 0-2,Methanol,"2.6342220000000003, 2.634222",24( 2) - -24( 2) + vt=1,-10.1756,,992.15616,992.28259,JPL
310,CH3OH vt = 0-2,Methanol,"2.6472700000000002, 2.64727",39( 3) - -38( 4) - vt=1,-11.0022,,2197.91912,2198.04617,JPL
311,H2CO,Formaldehyde,"2.6592584, 2.6592584","46( 7,39)-46( 7,40)",-12.5644,,4345.79988,4345.9275,CDMS
312,NH3 v=0,Ammonia,"2.6630801, 2.6630801",23(12)0a-23(-12)0s,-15.1315,,6926.56497,6926.69278,JPL
313,NH3 v=0,Ammonia,"2.6677545, 2.6677545",20( 7)0a-20( 7)0s,-13.8863,,5590.36167,5590.4897,JPL
314,CH3OH vt = 0-2,Methanol,"2.691462, 2.691462",7( 1) - - 7( 1) + vt=1,-9.5527,,390.01565,390.14482,JPL
315,NH3 v=0,Ammonia,"2.6983959, 2.6983959",26(16)0a-26(16)0s,-17.3894,,8415.75284,8415.88234,JPL
316,CH3OH vt = 0-2,Methanol,"2.71016, 2.71016",23( 4) -22( 3) E1 vt=1,-8.4415,,1001.31393,1001.44399,JPL
317,NH3 v=0,Ammonia,"2.711731000000001, 2.711731",21( 9)0a-21(-9)0s,-13.9848,,6008.22239,6008.35253,JPL
318,CH3OH vt = 0-2,Methanol,"2.72909, 2.72909",5( 1) - - 5( 1) + vt=2,-9.8372,,717.40315,717.53412,JPL
319,NH3 v=0,Ammonia,"2.7767845, 2.7767845",19( 5)0a-19( 5)0s,-13.4938,,5161.28115,5161.41441,JPL
320,CH3OH vt = 0-2,Methanol,"2.816374, 2.816374",32( 4) + -32( 4) - vt=0,-10.1888,,1304.46104,1304.59621,JPL
321,CH3OH vt = 0-2,Methanol,"2.827172, 2.827172",29( 5) -30( 4) E1 vt=1,-10.269,,1437.35147,1437.48716,JPL
322,NH3 v=0,Ammonia,"2.8527972, 2.8527972",18( 1)0a-18( 1)0s,-14.2557,,4758.40002,4758.53694,JPL
323,CH3OH vt = 0-2,Methanol,"2.864044, 2.864044",30(13) -31(15) E1 vt=1 - vt=0,-14.3834,,2273.97962,2274.11707,JPL
324,NH3 v=0,Ammonia,"2.8820452, 2.8820452",25(15)0a-25(-15)0s,-16.2699,,7864.64531,7864.78362,JPL
325,H2CO,Formaldehyde,"2.9024837000000008, 2.9024837","56( 8,48)-56( 8,49)",-15.7775,,6305.61846,6305.75776,CDMS
326,NH3 v=0,Ammonia,"2.9140357, 2.9140357",22(11)0a-22(11)0s,-14.6628,,6414.91754,6415.0574,JPL
327,CH3OH vt = 0-2,Methanol,"2.925982, 2.925982",11( 2) -10( 3) E1 vt=0,-7.9885,,175.38446,175.52489,JPL
328,NH3 v=0,Ammonia,"2.9294711, 2.9294711",18( 2)0a-18( 2)0s,-13.61,,4744.28182,4744.42241,JPL
329,H2CO,Formaldehyde,"2.93693, 2.93693","28( 5,23)-28( 5,24)",-8.7376,,1713.82123,1713.96218,CDMS
330,H2CO,Formaldehyde,"2.9617743, 2.9617743","37( 6,31)-37( 6,32)",-10.8602,,2878.93465,2879.07679,CDMS
331,HDO,Water,"2.9742727, 2.9742727","12( 6, 6)-12( 6, 7)",-9.6713,,2526.88868,2527.03142,JPL
332,CH3OH vt = 0-2,Methanol,"2.977438, 2.977438",24(17) + -25(18) + vt=2,-10.6059,,2925.03107,2925.17397,JPL
333,NH3 v=0,Ammonia,"3.0418049, 3.0418049",20( 8)0a-20( 8)0s,-13.553,,5520.16199,5520.30797,JPL
334,HDO,Water,"3.04471, 3.04471","9( 5, 4)- 9( 5, 5)",-8.2822,,1557.87698,1558.0231,JPL
335,NH3 v=0,Ammonia,"3.0588271, 3.0588271",30(21)0a-30(-21)0s,-19.9327,,10590.48505,10590.63185,JPL
336,CH3OH vt = 0-2,Methanol,"3.077467, 3.077467",13( 2) + -13( 2) - vt=0,-8.9157,,248.83216,248.97986,JPL
337,NH3 v=0,Ammonia,"3.0835131, 3.0835131",24(14)0a-24(14)0s,-15.7752,,7329.45358,7329.60156,JPL
338,NH3 v=0,Ammonia,"3.0870754, 3.0870754",19( 6)0a-19(-6)0s,-12.8666,,5109.61914,5109.76729,JPL
339,CH3OH vt = 0-2,Methanol,"3.087783, 3.087783",25( 2) - -25( 2) + vt=1,-10.1284,,1049.84359,1049.99178,JPL
340,NH3 v=0,Ammonia,"3.1398382, 3.1398382",29(20)0a-29(20)0s,-19.3717,,9985.45923,9985.60992,JPL
341,NH3 v=0,Ammonia,"3.1998270000000004, 3.199827",21(10)0a-21(10)0s,-13.9196,,5919.40288,5919.55645,JPL
342,CH3OH vt = 0-2,Methanol,"3.205301, 3.205301",22( 3) - -22( 3) + vt=0,-9.1309,,636.59614,636.74997,JPL
343,H2CO,Formaldehyde,"3.225423, 3.225423","12( 3, 9)-12( 3,10)",-6.8004,,378.87397,379.02877,CDMS
344,NH3 v=0,Ammonia,"3.2538023, 3.2538023",18( 4)0a-18( 4)0s,-12.8339,,4687.63922,4687.79538,JPL
345,NH3 v=0,Ammonia,"3.2690654, 3.2690654",28(19)0a-28(19)0s,-18.5182,,9395.78608,9395.94297,JPL
346,CH3OH vt = 0-2,Methanol,"3.279976, 3.279976",4( 1) - 3( 0) E1 vt=1,-8.228,,314.46879,314.6262,JPL
347,CH3OH vt = 0-2,Methanol,"3.2899360000000004, 3.289936",14(10) -15( 7) E1 vt=1 - vt=2,-15.585,,1156.10673,1156.26462,JPL
348,HDO,Water,"3.2967589, 3.2967589","5( 0, 5)- 4( 2, 2)",-8.7105,,319.17083,319.32905,JPL
349,NH3 v=0,Ammonia,"3.30691, 3.30691",23(13)0a-23(13)0s,-15.0031,,6810.29189,6810.4506,JPL
350,CH3OH vt = 0-2,Methanol,"3.343669, 3.343669",32( 8) + -33( 7) + vt=0,-9.355,,1543.15852,1543.31899,JPL
351,CH3OH vt = 0-2,Methanol,"3.343735, 3.343735",32( 8) - -33( 7) - vt=0,-9.355,,1543.15852,1543.31899,JPL
352,CH3OH vt = 0-2,Methanol,"3.3873560000000005, 3.387356",4( 0) - 3( 2) E1 vt=0,-12.6449,,36.17208,36.33465,JPL
353,NH3 v=0,Ammonia,"3.4207756, 3.4207756",27(18)0a-27(-18)0s,-17.3805,,8821.64271,8821.80688,JPL
354,NH3 v=0,Ammonia,"3.425948600000001, 3.4259486",19( 7)0a-19( 7)0s,-12.8535,,5048.27925,5048.44367,JPL
355,CH3OH vt = 0-2,Methanol,"3.458655, 3.458655",8( 1) - - 8( 1) + vt=1,-9.4255,,408.5139,408.67989,JPL
356,CH3OH vt = 0-2,Methanol,"3.4606550000000005, 3.460655",31( 4) -32( 2) E1 vt=0,-11.4595,,1245.04709,1245.21318,JPL
357,CH3OH vt = 0-2,Methanol,"3.513312, 3.513312",28(12) + -29(14) - vt=1 - vt=0,-12.1734,,1981.72398,1981.89259,JPL
358,H2CO,Formaldehyde,"3.518794, 3.518794","20( 4,16)-20( 4,17)",-7.9596,,923.08995,923.25882,CDMS
359,NH3 v=0,Ammonia,"3.5205681, 3.5205681",18( 5)0a-18( 5)0s,-12.5095,,4644.98419,4645.15315,JPL
360,NH3 v=0,Ammonia,"3.5271164, 3.5271164",20( 9)0a-20(-9)0s,-12.9037,,5440.10732,5440.27659,JPL
361,H2CO,Formaldehyde,"3.5434671, 3.5434671","47( 7,40)-47( 7,41)",-12.5637,,4509.63189,4509.80195,CDMS
362,CH3OH vt = 0-2,Methanol,"3.547921, 3.547921",33( 4) + -33( 4) - vt=0,-10.1088,,1380.8611,1381.03137,JPL
363,NH3 v=0,Ammonia,"3.5569732, 3.5569732",22(12)0a-22(-12)0s,-13.9544,,6307.26528,6307.43598,JPL
364,NH3 v=0,Ammonia,"3.5712341000000007, 3.5712341",17( 1)0a-17( 1)0s,-13.32,,4268.15601,4268.3274,JPL
365,NH3 v=0,Ammonia,"3.5864140000000004, 3.586414",26(17)0a-26(17)0s,-16.8651,,8263.1943,8263.36642,JPL
366,CH3OH vt = 0-2,Methanol,"3.596753, 3.596753",26( 2) - -26( 2) + vt=1,-10.0893,,1109.82298,1109.9956,JPL
367,NH3 v=0,Ammonia,"3.666374, 3.666374",17( 2)0a-17( 2)0s,-12.6744,,4253.86141,4254.03736,JPL
368,NH3 v=0,Ammonia,"3.765315700000001, 3.7653157",25(16)0a-25(16)0s,-16.0705,,7720.59176,7720.77246,JPL
369,CH3OH vt = 0-2,Methanol,"3.819712, 3.819712",6( 1) - - 6( 1) + vt=2,-9.6341,,731.24986,731.43317,JPL
370,NH3 v=0,Ammonia,"3.8389987000000008, 3.8389987",21(11)0a-21(11)0s,-13.5335,,5820.47142,5820.65567,JPL
371,NH3 v=0,Ammonia,"3.8596889, 3.8596889",18( 6)0a-18(-6)0s,-11.8941,,4592.64352,4592.82875,JPL
372,CH3OH vt = 0-2,Methanol,"3.862312, 3.862312",36( 2) -36( 1) E1 vt=0,-11.9921,,1562.81642,1563.00178,JPL
373,NH3 v=0,Ammonia,"3.9036443, 3.9036443",19( 8)0a-19( 8)0s,-12.5203,,4977.11142,4977.29876,JPL
374,CH3OH vt = 0-2,Methanol,"3.913819, 3.913819",24(a0) -25(a3) E1 vt=2 - vt=1,-17.2221,,1944.62246,1944.81029,JPL
375,CH3OH vt = 0-2,Methanol,"3.927125, 3.927125",31( 1) - -30( 3) - vt=1,-12.301,,1471.32224,1471.51071,JPL
376,NH3 v=0,Ammonia,"3.9601658000000004, 3.9601658",24(15)0a-24(-15)0s,-14.9974,,7193.97092,7194.16098,JPL
377,H2CO,Formaldehyde,"4.0276626, 4.0276626","38( 6,32)-38( 6,33)",-10.799,,3011.74595,3011.93925,CDMS
378,NH3 v=0,Ammonia,"4.0704672, 4.0704672",17( 4)0a-17( 4)0s,-11.8983,,4196.5095,4196.70485,JPL
379,CH3OH vt = 0-2,Methanol,"4.091782, 4.091782",12( 3) + -11( 0) + vt=1,-11.3623,,576.46856,576.66494,JPL
380,CH3OH vt = 0-2,Methanol,"4.0957170000000005, 4.095717",14( 2) + -14( 2) - vt=0,-8.756,,281.28503,281.48159,JPL
381,CH3OH vt = 0-2,Methanol,"4.1172640000000005, 4.117264",20(a5) -21(a7) E1 vt=2 - vt=1,-11.9142,,2287.4019,2287.59949,JPL
382,H2CO,Formaldehyde,"4.1242742, 4.1242742","29( 5,24)-29( 5,25)",-8.6066,,1815.34463,1815.54256,CDMS
383,CH3OH vt = 0-2,Methanol,"4.153689, 4.153689",23( 3) - -23( 3) + vt=0,-8.9935,,689.88382,690.08316,JPL
384,NH3 v=0,Ammonia,"4.1589864, 4.1589864",20(10)0a-20(10)0s,-12.8384,,5350.0017,5350.2013,JPL
385,CH3OH vt = 0-2,Methanol,"4.162958, 4.162958",36(12) + -35(10) - vt=0 - vt=1,-14.2671,,2259.78617,2259.98596,JPL
386,CH3OH vt = 0-2,Methanol,"4.165263, 4.165263",27( 2) - -27( 2) + vt=1,-10.0579,,1172.09145,1172.29135,JPL
387,NH3 v=0,Ammonia,"4.1749745, 4.1749745",23(14)0a-23(14)0s,-14.5498,,6683.45523,6683.65559,JPL
388,NH3 v=0,Ammonia,"4.176257, 4.176257",17(-3)0s-17( 3)0a,-11.8734,,4229.98835,4230.18878,JPL
389,CH3OH vt = 0-2,Methanol,"4.320772, 4.320772",9( 1) - - 9( 1) + vt=1,-9.3211,,429.32281,429.53018,JPL
390,NH3 v=0,Ammonia,"4.338897299999999, 4.3388973",18( 7)0a-18( 7)0s,-11.8693,,4530.48914,4530.69737,JPL
391,CH3OH vt = 0-2,Methanol,"4.390517, 4.390517",37( 2) -37( 1) E1 vt=0,-10.5748,,1647.99152,1648.20223,JPL
392,NH3 v=0,Ammonia,"4.4024868, 4.4024868",17( 5)0a-17( 5)0s,-11.5739,,4153.31522,4153.5265,JPL
393,NH3 v=0,Ammonia,"4.4078175, 4.4078175",30(22)0a-30(22)0s,-19.5914,,10392.01396,10392.2255,JPL
394,NH3 v=0,Ammonia,"4.409894100000001, 4.4098941",16( 1)0a-16( 1)0s,-12.4331,,3802.86095,3803.07259,JPL
395,NH3 v=0,Ammonia,"4.4143169, 4.4143169",22(13)0a-22(13)0s,-13.8252,,6189.1569,6189.36875,JPL
396,CH3OH vt = 0-2,Methanol,"4.432605, 4.432605",34( 4) + -34( 4) - vt=0,-10.039,,1459.56175,1459.77448,JPL
397,NH3 v=0,Ammonia,"4.472769, 4.472769",29(21)0a-29(-21)0s,-18.4468,,9795.60061,9795.81527,JPL
398,NH3 v=0,Ammonia,"4.5238615, 4.5238615",19( 9)0a-19(-9)0s,-11.8708,,4895.94113,4896.15824,JPL
399,NH3 v=0,Ammonia,"4.526805500000001, 4.5268055",16( 2)0a-16( 2)0s,-11.7874,,3788.39442,3788.61167,JPL
400,NH3 v=0,Ammonia,"4.5816954999999995, 4.5816955",28(20)0a-28(20)0s,-17.9172,,9214.54698,9214.76687,JPL
401,CH3OH vt = 0-2,Methanol,"4.620182, 4.620182",18( 1) -17(-3) E2 vt=0,-11.5181,,417.69612,417.91786,JPL
402,NH3 v=0,Ammonia,"4.6831668, 4.6831668",21(12)0a-21(-12)0s,-12.8245,,5711.17939,5711.40415,JPL
403,H2CO,Formaldehyde,"4.6880185, 4.6880185","48( 7,41)-48( 7,42)",-12.5742,,4676.93809,4677.16308,CDMS
404,CH3OH vt = 0-2,Methanol,"4.701768, 4.701768",25(11) -24(14) E1 vt=2 - vt=1,-15.3742,,2048.48285,2048.7085,JPL
405,NH3 v=0,Ammonia,"4.710391899999999, 4.7103919",27(19)0a-27(19)0s,-17.1049,,8649.0345,8649.26056,JPL
406,CH3OH vt = 0-2,Methanol,"4.797547, 4.797547",28( 2) - -28( 2) + vt=1,-10.034,,1236.64612,1236.87637,JPL
407,H2CO,Formaldehyde,"4.829641400000001, 4.8296414","1( 1, 0)- 1( 1, 1), F= 1- 0",-6.8564,,15.16318,15.39497,CDMS
408,H2CO,Formaldehyde,"4.8296585, 4.8296585","1( 1, 0)- 1( 1, 1), F= 0- 1",-6.8564,,15.16318,15.39497,CDMS
409,H2CO,Formaldehyde,"4.8296596, 4.8296596","1( 1, 0)- 1( 1, 1), F= 2- 2",-6.2824,,15.16318,15.39497,CDMS
410,H2CO,Formaldehyde,"4.82966, 4.82966","1( 1, 0)- 1( 1, 1)",-5.9022,,15.16318,15.39497,CDMS
411,H2CO,Formaldehyde,"4.8296641000000005, 4.8296641","1( 1, 0)- 1( 1, 1), F= 2- 1",-6.7595,,15.16318,15.39497,CDMS
412,H2CO,Formaldehyde,"4.8296665, 4.8296665","1( 1, 0)- 1( 1, 1), F= 1- 2",-6.7595,,15.16318,15.39497,CDMS
413,H2CO,Formaldehyde,"4.829671, 4.829671","1( 1, 0)- 1( 1, 1), F= 1- 1",-6.9814,,15.16318,15.39497,CDMS
414,NH3 v=0,Ammonia,"4.8512476, 4.8512476",26(18)0a-26(-18)0s,-16.0122,,8099.23913,8099.47195,JPL
415,NH3 v=0,Ammonia,"4.8520582999999995, 4.8520583",17( 6)0a-17(-6)0s,-10.9535,,4100.30839,4100.54125,JPL
416,CH3OH vt = 0-2,Methanol,"4.912974, 4.912974",35( 2) -35( 1) E1 vt=0,-9.9038,,1479.85414,1480.08992,JPL
417,NH3 v=0,Ammonia,"4.9418176, 4.9418176",18( 8)0a-18( 8)0s,-11.5359,,4458.3687,4458.60587,JPL
418,H2CO,Formaldehyde,"4.9547108, 4.9547108","6( 2, 4)- 6( 2, 5)",-6.5949,,120.49011,120.7279,CDMS
419,CH3OH vt = 0-2,Methanol,"4.9552, 4.9552",25( 4) - -26( 1) - vt=0,-11.3505,,833.94485,834.18266,JPL
420,NH3 v=0,Ammonia,"4.986989800000001, 4.9869898",20(11)0a-20(11)0s,-12.4518,,5249.61881,5249.85815,JPL
421,NH3 v=0,Ammonia,"5.0041741, 5.0041741",25(17)0a-25(17)0s,-15.5433,,7565.32488,7565.56504,JPL
422,CH3OH vt = 0-2,Methanol,"5.0053019999999995, 5.005302",3( 1) - - 3( 1) + vt=0,-8.1238,,28.34806,28.58827,JPL
423,NH3 v=0,Ammonia,"5.0245829, 5.0245829",16( 4)0a-16( 4)0s,-11.0112,,3730.35047,3730.59161,JPL
424,CH3OH vt = 0-2,Methanol,"5.091373, 5.091373",7( 1) - - 7( 1) + vt=2,-9.4653,,747.40435,747.6487,JPL
425,H2CO,Formaldehyde,"5.136539, 5.136539","13( 3,10)-13( 3,11)",-6.4973,,424.3923,424.63881,CDMS
426,H2CO,Formaldehyde,"5.138492, 5.138492","21( 4,17)-21( 4,18)",-7.7598,,996.65937,996.90597,CDMS
427,NH3 v=0,Ammonia,"5.1721555, 5.1721555",24(16)0a-24(16)0s,-14.7959,,7047.44039,7047.68861,JPL
428,CH3OH vt = 0-2,Methanol,"5.277457, 5.277457",10( 1) - -10( 1) + vt=1,-9.2359,,452.44095,452.69422,JPL
429,CH3OH vt = 0-2,Methanol,"5.321312, 5.321312",24( 3) - -24( 3) + vt=0,-8.8687,,745.4764,745.73178,JPL
430,NH3 v=0,Ammonia,"5.3319382, 5.3319382",19(10)0a-19(10)0s,-11.8051,,4804.5645,4804.82039,JPL
431,CH3OH vt = 0-2,Methanol,"5.344271, 5.344271",15( 2) + -15( 2) - vt=0,-8.6157,,316.04856,316.30504,JPL
432,NH3 v=0,Ammonia,"5.3592676, 5.3592676",23(15)0a-23(-15)0s,-13.7705,,6545.7196,6545.9768,JPL
433,NH3 v=0,Ammonia,"5.3749776, 5.3749776",15( 1)0a-15( 1)0s,-11.5943,,3362.85902,3363.11698,JPL
434,NH3 v=0,Ammonia,"5.4225169, 5.4225169",17( 7)0a-17( 7)0s,-10.9333,,4037.35751,4037.61775,JPL
435,H2CO,Formaldehyde,"5.427157, 5.427157","39( 6,33)-39( 6,34)",-10.7508,,3148.05561,3148.31607,CDMS
436,NH3 v=0,Ammonia,"5.43324, 5.43324",16( 5)0a-16( 5)0s,-10.6865,,3686.6306,3686.89136,JPL
437,H2CO,Formaldehyde,"5.46122, 5.46122","31( 1,30)-30( 3,27)",-10.0878,,1753.36349,1753.62558,CDMS
438,CH3OH vt = 0-2,Methanol,"5.494243000000001, 5.494243",35( 4) + -35( 4) - vt=0,-9.9789,,1540.5601,1540.82378,JPL
439,CH3OH vt = 0-2,Methanol,"5.497932, 5.497932",29( 2) - -29( 2) + vt=1,-10.0172,,1303.487,1303.75086,JPL
440,NH3 v=0,Ammonia,"5.5171582, 5.5171582",15( 2)0a-15( 2)0s,-10.9486,,3348.22588,3348.49066,JPL
441,NH3 v=0,Ammonia,"5.5699362, 5.5699362",22(14)0a-22(14)0s,-13.3708,,6060.28366,6060.55097,JPL
442,CH3OH vt = 0-2,Methanol,"5.619234, 5.619234",30(10) -31(13) E1 vt=1 - vt=0,-11.4396,,1986.36545,1986.63513,JPL
443,CH3OH vt = 0-2,Methanol,"5.629206, 5.629206",37(-5) -38(-2) E2 vt=0,-13.2963,,1751.57855,1751.84871,JPL
444,HDO,Water,"5.70278, 5.70278","4( 3, 1)- 4( 3, 2)",-6.2063,,425.13772,425.41141,JPL
445,H2CO,Formaldehyde,"5.718241, 5.718241","30( 5,25)-30( 5,26)",-8.4915,,1920.38021,1920.65464,CDMS
446,NH3 v=0,Ammonia,"5.725090000000001, 5.72509",18( 9)0a-18(-9)0s,-10.8859,,4376.10006,4376.37481,JPL
447,NH3 v=0,Ammonia,"5.808781, 5.808781",21(13)0a-21(13)0s,-12.6944,,5591.24292,5591.52169,JPL
448,CH3OH vt = 0-2,Methanol,"5.91351, 5.91351",20(16) -21(17) E1 vt=2,-9.7433,,2496.19888,2496.48268,JPL
449,CH3OH vt = 0-2,Methanol,"5.972669, 5.972669",15(12) + -16( 9) - vt=0 - vt=1,-13.2488,,998.45078,998.73742,JPL
450,NH3 v=0,Ammonia,"5.97393, 5.97393",16( 6)0a-16(-6)0s,-10.0677,,3632.97446,3633.26116,JPL
451,CH3OH vt = 0-2,Methanol,"5.982545, 5.982545",38( 2) -38( 1) E1 vt=0,-10.1465,,1735.39528,1735.68239,JPL
452,NH3 v=0,Ammonia,"6.080706600000001, 6.0807066",20(12)0a-20(-12)0s,-11.742,,5138.69895,5138.99078,JPL
453,CH3OH vt = 0-2,Methanol,"6.107493000000001, 6.107493",35( 4) + -36( 1) + vt=0,-11.1369,,1540.53708,1540.8302,JPL
454,NH3 v=0,Ammonia,"6.12337, 6.12337",15( 4)0a-15( 4)0s,-10.1718,,3289.50988,3289.80375,JPL
455,H2CO,Formaldehyde,"6.1593907, 6.1593907","49( 7,42)-49( 7,43)",-12.5957,,4847.7172,4848.0128,CDMS
456,HDO,Water,"6.1729648, 6.1729648","16( 7, 9)-16( 7,10)",-11.2843,,4081.27823,4081.57448,JPL
457,NH3 v=0,Ammonia,"6.1746901, 6.1746901",17( 8)0a-17( 8)0s,-10.5994,,3964.30317,3964.59951,JPL
458,CH3OH vt = 0-2,Methanol,"6.181128, 6.181128",17(-2) -18(-3) E2 vt=1,-7.5374,,718.19303,718.48968,JPL
459,CH3OH vt = 0-2,Methanol,"6.27083, 6.27083",30( 2) - -30( 2) + vt=1,-10.0074,,1372.60976,1372.91071,JPL
460,CH3OH vt = 0-2,Methanol,"6.328305, 6.328305",11( 1) - -11( 1) + vt=1,-9.1672,,477.86831,478.17202,JPL
461,CH3OH vt = 0-2,Methanol,"6.335727, 6.335727",37(15) + -36(14) - vt=1 - vt=2,-10.8022,,3143.46349,3143.76756,JPL
462,NH3 v=0,Ammonia,"6.391084, 6.391084",19(11)0a-19(11)0s,-11.4177,,4702.74572,4703.05244,JPL
463,CH3OH vt = 0-2,Methanol,"6.429225000000001, 6.429225",19( 4) + -18( 3) + vt=2,-8.5738,,1053.29664,1053.60519,JPL
464,CH3OH vt = 0-2,Methanol,"6.429628, 6.429628",19( 4) - -18( 3) - vt=2,-8.5737,,1053.29664,1053.60521,JPL
465,NH3 v=0,Ammonia,"6.43864, 6.43864",13( 3)0a-13(-3)0s,-8.9016,,2520.20488,2520.51388,JPL
466,NH3 v=0,Ammonia,"6.4666869, 6.4666869",30(23)0a-30(23)0s,-18.9179,,10180.60762,10180.91797,JPL
467,NH3 v=0,Ammonia,"6.4692718, 6.4692718",14( 1)0a-14( 1)0s,-10.8031,,2948.48617,2948.79664,JPL
468,NH3 v=0,Ammonia,"6.4835516, 6.4835516",29(22)0a-29(22)0s,-18.0936,,9593.07867,9593.38983,JPL
469,NH3 v=0,Ammonia,"6.529266300000001, 6.5292663",31(24)0a-31(-24)0s,-19.4523,,10783.35832,10783.67167,JPL
470,NH3 v=0,Ammonia,"6.5332302, 6.5332302",28(21)0a-28(-21)0s,-16.9855,,9020.91692,9021.23046,JPL
471,CH3OH vt = 0-2,Methanol,"6.543733, 6.543733",8( 1) - - 8( 1) + vt=2,-9.3227,,765.86519,766.17924,JPL
472,NH3 v=0,Ammonia,"6.5979742, 6.5979742",27(20)0a-27(20)0s,-16.4993,,8464.29617,8464.61282,JPL
473,NH3 v=0,Ammonia,"6.62115, 6.62115",15( 5)0a-15( 5)0s,-9.8468,,3245.27968,3245.59745,JPL
474,NH3 v=0,Ammonia,"6.64023, 6.64023",14( 2)0a-14( 2)0s,-10.1573,,2933.69203,2934.01071,JPL
475,CH3OH vt = 0-2,Methanol,"6.668564000000001, 6.668564",5( 1) + - 6( 0) + vt=0,-6.8702,,48.73973,49.05977,JPL
476,NH3 v=0,Ammonia,"6.6737607, 6.6737607",26(19)0a-26(19)0s,-15.7332,,7923.3967,7923.71699,JPL
477,CH3OH vt = 0-2,Methanol,"6.674445, 6.674445",22(-6) -21(-8) E2 vt=2,-14.4984,,1451.82836,1452.14868,JPL
478,NH3 v=0,Ammonia,"6.69045, 6.69045",16( 7)0a-16( 7)0s,-10.045,,3569.2455,3569.56659,JPL
479,CH3OH vt = 0-2,Methanol,"6.745123, 6.745123",25( 3) - -25( 3) + vt=0,-8.756,,803.37245,803.69616,JPL
480,NH3 v=0,Ammonia,"6.745958400000001, 6.7459584",18(10)0a-18(10)0s,-10.8195,,4283.47127,4283.79502,JPL
481,CH3OH vt = 0-2,Methanol,"6.758772, 6.758772",36( 4) + -36( 4) - vt=0,-9.9285,,1623.86049,1624.18486,JPL
482,NH3 v=0,Ammonia,"6.7623699, 6.7623699",25(18)0a-25(-18)0s,-14.6878,,7398.39275,7398.7173,JPL
483,CH3OH vt = 0-2,Methanol,"6.785303, 6.785303",28( 5) + -28( 9) + vt=1 - vt=0,-10.2957,,1358.31991,1358.64555,JPL
484,CH3OH vt = 0-2,Methanol,"6.785405, 6.785405",28( 5) - -28( 9) - vt=1 - vt=0,-10.2957,,1358.31991,1358.64556,JPL
485,CH3OH vt = 0-2,Methanol,"6.817135, 6.817135",22(14) + -21(12) - vt=1 - vt=2,-13.3519,,1891.8254,1892.15257,JPL
486,CH3OH vt = 0-2,Methanol,"6.853682, 6.853682",16( 2) + -16( 2) - vt=0,-8.493,,353.11987,353.44879,JPL
487,NH3 v=0,Ammonia,"6.8676077, 6.8676077",24(17)0a-24(17)0s,-14.2667,,6889.44575,6889.77534,JPL
488,CH3OH vt = 0-2,Methanol,"6.922536, 6.922536",34( 2) -34( 1) E1 vt=0,-9.1481,,1399.13778,1399.47001,JPL
489,CH3OH vt = 0-2,Methanol,"6.955748, 6.955748",24(a3) -23(a4) E1 vt=1,-9.1903,,1886.68756,1887.02138,JPL
490,NH3 v=0,Ammonia,"6.9937199, 6.9937199",23(16)0a-23(16)0s,-13.5674,,6396.70201,6397.03766,JPL
491,CH3OH vt = 0-2,Methanol,"7.120727, 7.120727",31( 2) - -31( 2) + vt=1,-10.0043,,1444.01297,1444.35471,JPL
492,NH3 v=0,Ammonia,"7.1448883, 7.1448883",22(15)0a-22(-15)0s,-12.5902,,5920.29319,5920.63609,JPL
493,NH3 v=0,Ammonia,"7.1523, 7.1523",17( 9)0a-17(-9)0s,-9.9487,,3880.95703,3881.30028,JPL
494,H2CO,Formaldehyde,"7.248848, 7.248848","40( 6,34)-40( 6,35)",-10.7153,,3287.86249,3288.21038,CDMS
495,CH3OH vt = 0-2,Methanol,"7.283364, 7.283364",11(-3) -10(-4) E2 vt=0,-7.3624,,215.54481,215.89435,JPL
496,NH3 v=0,Ammonia,"7.2858642, 7.2858642",15( 6)0a-15(-6)0s,-9.2268,,3190.99264,3191.3423,JPL
497,CH3OH vt = 0-2,Methanol,"7.293858, 7.293858",10(-7) - 9(-5) E2 vt=1,-12.4405,,650.31192,650.66197,JPL
498,CH3OH vt = 0-2,Methanol,"7.32133, 7.32133",39(11) + -40(10) + vt=0,-9.8101,,2400.62292,2400.97428,JPL
499,CH3OH vt = 0-2,Methanol,"7.32139, 7.32139",39(11) - -40(10) - vt=0,-9.8101,,2400.62292,2400.97429,JPL
500,NH3 v=0,Ammonia,"7.3252079, 7.3252079",21(14)0a-21(14)0s,-12.2388,,5460.33828,5460.68983,JPL